resource_type,owner_id,source,collection,id,external_id,name,name_type,name_external_id,name[fr],name_type[fr],name_locale[fr],name_external_id[fr],name[spa],name_type[spa],name_locale[spa],name_external_id[spa],name[ara],name_type[ara],name_locale[ara],name_external_id[ara],name[hat],name_type[hat],name_locale[hat],name_external_id[hat],name[1],name_type[1],name_locale[1],name[2],name_type[2],name_locale[2],concept_class,datatype,description,description_external_id,released,attr:precise,attr:units,attr:low_critical,attr:hi_critical,attr:extra_names:list,attr:extra_bool:bool,attr:extra_float:float,attr:extra_int:int,map_external_id,map_target,map_type,map_from_concept_url,map_to_concept_url,map_from_concept_owner_id,map_from_concept_source,map_from_concept_id,map_to_concept_owner_id,map_to_concept_source,map_to_concept_id,map_to_concept_name,map_source[dsme1],map_to_concept_owner_id[dsme1],map_to_concept_source[dsme1],map_to_concept_id[dsme1],extmap_to_concept_owner_id[1],extmap_to_concept_source[1],extmap_to_concept_id[1],extmap_to_concept_name[1],attr:tags,attr:implementation,attr:form
Concept,MSFOCP,MSFOCP,,MSFF1,MSFOCP-MSFF-AAAAAA000000000000000001,Patient Identifier,FULLY_SPECIFIED,,Identifiant patient,FULLY_SPECIFIED,fr,,,,,,,,,,,,,,,,,,,,Misc,Text,,,,,,,,,,,,,,,,,,,,,,,,,,,,,,,,,,
Concept,MSFOCP,MSFOCP,,MSFF2,MSFOCP-MSFF-AAAAAA000000000000000002,Patient name,FULLY_SPECIFIED,,Nom du patient,FULLY_SPECIFIED,fr,,,,,,,,,,,,,,,,,,,,Misc,Text,,,,,,,,,,,,,,,,,,,,,,,,,,,,,,,,,,
Concept,MSFOCP,MSFOCP,,MSFF3,MSFOCP-MSFF-AAAAAA000000000000000003,Husband,FULLY_SPECIFIED,,Mari,FULLY_SPECIFIED,fr,,,,,,,,,,,,,,,,,,,,Misc,N/A,,,,,,,,,,,,,,,,,,,,,,,,,,,,,,,,,,
Concept,MSFOCP,MSFOCP,,MSFF4,MSFOCP-MSFF-AAAAAA000000000000000004,Wife,FULLY_SPECIFIED,,Épouse,FULLY_SPECIFIED,fr,,,,,,,,,,,,,,,,,,,,Misc,N/A,,,,,,,,,,,,,,,,,,,,,,,,,,,,,,,,,,
Concept,MSFOCP,MSFOCP,,MSFF5,MSFOCP-MSFF-AAAAAA000000000000000005,Date of birth,FULLY_SPECIFIED,,Date de naissance,FULLY_SPECIFIED,fr,,,,,,,,,,,,,,,,,,,,Misc,Date,,,,,,,,,,,,,,,,,,,,,,,,,,,,,,,,,,
Concept,MSFOCP,MSFOCP,,MSFF6,MSFOCP-MSFF-AAAAAA000000000000000006,Patient phone number 1,FULLY_SPECIFIED,,Numéro de téléphone du patient (1),FULLY_SPECIFIED,fr,,,,,,,,,,,,,,,,,,,,Misc,Text,,,,,,,,,,,,,,,,,,,,,,,,,,,,,,,,,,
Concept,MSFOCP,MSFOCP,,MSFF7,MSFOCP-MSFF-AAAAAA000000000000000007,Previous MSF ID,FULLY_SPECIFIED,,Ancien identifiant MSF,FULLY_SPECIFIED,fr,,,,,,,,,,,,,,,,,,,,Misc,Text,,,,,,,,,,,,,,,,,,,,,,,,,,,,,,,,,,
Concept,MSFOCP,MSFOCP,,MSFF8,MSFOCP-MSFF-AAAAAA000000000000000008,MSF facility,FULLY_SPECIFIED,,Structure MSF,FULLY_SPECIFIED,fr,,,,,,,,,,,,,,,,,,,,Question,Coded,,,,,,,,,,,,,,,,,,,,,,,,,,,,,,,,,,
Concept,MSFOCP,MSFOCP,,MSFF9,MSFOCP-MSFF-AAAAAA000000000000000009,Address country,FULLY_SPECIFIED,,Adresse_pays,FULLY_SPECIFIED,fr,,,,,,,,,,,,,,,,,,,,Misc,Coded,,,,,,,,,,,,,,,,,,,,,,,,,,,,,,,,,,
Concept,MSFOCP,MSFOCP,,MSFF10,MSFOCP-MSFF-AAAAAA000000000000000010,First name in Arabic,FULLY_SPECIFIED,,Prénom en arabe,FULLY_SPECIFIED,fr,,,,,,,,,,,,,,,,,,,,Misc,Text,,,,,,,,,,,,,,,,,,,,,,,,,,,,,,,,,,
Concept,MSFOCP,MSFOCP,,MSFF11,MSFOCP-MSFF-AAAAAA000000000000000011,Middle name in Arabic,FULLY_SPECIFIED,,Deuxième prénom en arabe,FULLY_SPECIFIED,fr,,,,,,,,,,,,,,,,,,,,Misc,Text,,,,,,,,,,,,,,,,,,,,,,,,,,,,,,,,,,
Concept,MSFOCP,MSFOCP,,MSFF12,MSFOCP-MSFF-AAAAAA000000000000000012,Grandfather name in Arabic,FULLY_SPECIFIED,,Nom du grand-père en arabe,FULLY_SPECIFIED,fr,,,,,,,,,,,,,,,,,,,,Misc,Text,,,,,,,,,,,,,,,,,,,,,,,,,,,,,,,,,,
Concept,MSFOCP,MSFOCP,,MSFF13,MSFOCP-MSFF-AAAAAA000000000000000013,Last name in Arabic,FULLY_SPECIFIED,,Nom de famille en arabe,FULLY_SPECIFIED,fr,,,,,,,,,,,,,,,,,,,,Misc,Text,,,,,,,,,,,,,,,,,,,,,,,,,,,,,,,,,,
Concept,MSFOCP,MSFOCP,,MSFF14,MSFOCP-MSFF-AAAAAA000000000000000014,Address city,FULLY_SPECIFIED,,Adresse_ville,FULLY_SPECIFIED,fr,,,,,,,,,,,,,,,,,,,,Misc,Coded,,,,,,,,,,,,,,,,,,,,,,,,,,,,,,,,,,
Concept,MSFOCP,MSFOCP,,MSFF15,MSFOCP-MSFF-AAAAAA000000000000000015,Address village,FULLY_SPECIFIED,,Adresse_village,FULLY_SPECIFIED,fr,,,,,,,,,,,,,,,,,,,,Misc,Coded,,,,,,,,,,,,,,,,,,,,,,,,,,,,,,,,,,
Concept,MSFOCP,MSFOCP,,MSFF16,MSFOCP-MSFF-AAAAAA000000000000000016,Address street,FULLY_SPECIFIED,,Adresse_rue,FULLY_SPECIFIED,fr,,,,,,,,,,,,,,,,,,,,Misc,Text,,,,,,,,,,,,,,,,,,,,,,,,,,,,,,,,,,
Concept,MSFOCP,MSFOCP,,MSFF17,MSFOCP-MSFF-AAAAAA000000000000000017,Address district,FULLY_SPECIFIED,,Adresse_quartier,FULLY_SPECIFIED,fr,,,,,,,,,,,,,,,,,,,,Misc,Coded,,,,,,,,,,,,,,,,,,,,,,,,,,,,,,,,,,
Concept,MSFOCP,MSFOCP,,MSFF18,MSFOCP-MSFF-AAAAAA000000000000000018,Address governorate,FULLY_SPECIFIED,,Adresse_gouvernorat,FULLY_SPECIFIED,fr,,,,,,,,,,,,,,,,,,,,Misc,Coded,,,,,,,,,,,,,,,,,,,,,,,,,,,,,,,,,,
Concept,MSFOCP,MSFOCP,,MSFF19,MSFOCP-MSFF-AAAAAA000000000000000019,Address area in English,FULLY_SPECIFIED,,Adresse_zone,FULLY_SPECIFIED,fr,,,,,,,,,,,,,,,,,,,,Misc,Coded,,,,,,,,,,,,,,,,,,,,,,,,,,,,,,,,,,
Concept,MSFOCP,MSFOCP,,MSFF20,MSFOCP-MSFF-AAAAAA000000000000000020,Address area in Arabic,FULLY_SPECIFIED,,Adresse_zone en arabe,FULLY_SPECIFIED,fr,,,,,,,,,,,,,,,,,,,,Misc,Coded,,,,,,,,,,,,,,,,,,,,,,,,,,,,,,,,,,
Concept,MSFOCP,MSFOCP,,MSFF21,MSFOCP-MSFF-AAAAAA000000000000000021,National ID,FULLY_SPECIFIED,,Carte d'identité,FULLY_SPECIFIED,fr,,,,,,,,,,,,,,,,,,,,Misc,Text,,,,,,,,,,,,,,,,,,,,,,,,,,,,,,,,,,
Concept,MSFOCP,MSFOCP,,MSFF22,MSFOCP-MSFF-AAAAAA000000000000000022,Amman ID,FULLY_SPECIFIED,,Identifiant Amman,FULLY_SPECIFIED,fr,,,,,,,,,,,,,,,,,,,,Misc,Text,,,,,,,,,,,,,,,,,,,,,,,,,,,,,,,,,,
Concept,MSFOCP,MSFOCP,,MSFF23,MSFOCP-MSFF-AAAAAA000000000000000023,Phone number 1,FULLY_SPECIFIED,,Numéro de téléphone 1,FULLY_SPECIFIED,fr,,,,,,,,,,,,,,,,,,,,Misc,Text,,,,,,,,,,,,,,,,,,,,,,,,,,,,,,,,,,
Concept,MSFOCP,MSFOCP,,MSFF24,MSFOCP-MSFF-AAAAAA000000000000000024,Phone 1 owner,FULLY_SPECIFIED,,Propriétaire téléphone 1,FULLY_SPECIFIED,fr,,,,,,,,,,,,,,,,,,,,Misc,Coded,,,,,,,,,,,,,,,,,,,,,,,,,,,,,,,,,,
Concept,MSFOCP,MSFOCP,,MSFF25,MSFOCP-MSFF-AAAAAA000000000000000025,Phone number 2,FULLY_SPECIFIED,,Numéro de téléphone 2,FULLY_SPECIFIED,fr,,,,,,,,,,,,,,,,,,,,Misc,Text,,,,,,,,,,,,,,,,,,,,,,,,,,,,,,,,,,
Concept,MSFOCP,MSFOCP,,MSFF26,MSFOCP-MSFF-AAAAAA000000000000000026,Phone 2 owner,FULLY_SPECIFIED,,Propriétaire téléphone 2,FULLY_SPECIFIED,fr,,,,,,,,,,,,,,,,,,,,Misc,Coded,,,,,,,,,,,,,,,,,,,,,,,,,,,,,,,,,,
Concept,MSFOCP,MSFOCP,,MSFF27,MSFOCP-MSFF-AAAAAA000000000000000027,MoH facility name,FULLY_SPECIFIED,,Nom de l'établissement MoH,FULLY_SPECIFIED,fr,,,,,,,,,,,,,,,,,,,,Question,Coded,,,,,,,,,,,,,,,,,,,,,,,,,,,,,,,,,,
Concept,MSFOCP,MSFOCP,,MSFF28,MSFOCP-MSFF-AAAAAA000000000000000028,Full name in Arabic,FULLY_SPECIFIED,,Nom complet en arabe,FULLY_SPECIFIED,fr,,,,,,,,,,,,,,,,,,,,Misc,Text,,,,,,,,,,,,,,,,,,,,,,,,,,,,,,,,,,
Concept,MSFOCP,MSFOCP,,MSFF29,MSFOCP-MSFF-AAAAAA000000000000000029,Name of contact person in Arabic,FULLY_SPECIFIED,,Nom de la personne contact en arabe,FULLY_SPECIFIED,fr,,,,,,,,,,,,,,,,,,,,Misc,Text,,,,,,,,,,,,,,,,,,,,,,,,,,,,,,,,,,
Concept,MSFOCP,MSFOCP,,MSFF30,MSFOCP-MSFF-AAAAAA000000000000000030,VIA screening ID,FULLY_SPECIFIED,,Identifiant depistage IVA,FULLY_SPECIFIED,fr,,,,,,,,,,,,,,,,,,,,Misc,Text,,,,,,,,,,,,,,,,,,,,,,,,,,,,,,,,,,
Concept,MSFOCP,MSFOCP,,MSFF31,MSFOCP-MSFF-AAAAAA000000000000000031,"Past medical history, comment",FULLY_SPECIFIED,,"Antécédents médicaux, commentaire",FULLY_SPECIFIED,fr,,,,,,,,,,,,,,,,,,,,Question,Text,,,,,,,,,,,,,,,,,,,,,,,,,,,,,,,,,,
Concept,MSFOCP,MSFOCP,,MSFF32,MSFOCP-MSFF-AAAAAA000000000000000032,History of obstetrical complication,FULLY_SPECIFIED,,Antécédents de complication obstétricale,FULLY_SPECIFIED,fr,,,,,,,,,,,,,,,,,,,,Question,Text,,,,,,,,,,,,,,,,,,,,,,,,,,,,,,,,,,
Concept,MSFOCP,MSFOCP,,MSFF33,MSFOCP-MSFF-AAAAAA000000000000000033,"Other referring facility, specify",FULLY_SPECIFIED,,"Autre établissement référant, précisez",FULLY_SPECIFIED,fr,,,,,,,,,,,,,,,,,,,,Question,Text,,,,,,,,,,,,,,,,,,,,,,,,,,,,,,,,,,
Concept,MSFOCP,MSFOCP,,MSFF34,MSFOCP-MSFF-AAAAAA000000000000000034,Current antiretroviral drugs used,FULLY_SPECIFIED,,Médicaments antirétroviraux actuellement utilisés,FULLY_SPECIFIED,fr,,,,,,,,,,,,,,,,,,,,Question,Coded,,,,,,,,,,,,,,,,,,,,,,,,,,,,,,,,,,
Concept,MSFOCP,MSFOCP,,MSFF35,MSFOCP-MSFF-AAAAAA000000000000000035,"History of surgery, comment",FULLY_SPECIFIED,,"Antécédents de chirurgie, commentaire",FULLY_SPECIFIED,fr,,,,,,,,,,,,,,,,,,,,Question,Text,,,,,,,,,,,,,,,,,,,,,,,,,,,,,,,,,,
Concept,MSFOCP,MSFOCP,,MSFF36,MSFOCP-MSFF-AAAAAA000000000000000036,Other medical problems,FULLY_SPECIFIED,,Autres problèmes médicaux,FULLY_SPECIFIED,fr,,,,,,,,,,,,,,,,,,,,Question,Text,,,,,,,,,,,,,,,,,,,,,,,,,,,,,,,,,,
Concept,MSFOCP,MSFOCP,,MSFF37,MSFOCP-MSFF-AAAAAA000000000000000037,Date of last histopathology exam result,FULLY_SPECIFIED,,Date du dernier résultat d'examen histopathologique,FULLY_SPECIFIED,fr,,,,,,,,,,,,,,,,,,,,Question,Date,,,,,,,,,,,,,,,,,,,,,,,,,,,,,,,,,,
Concept,MSFOCP,MSFOCP,,MSFF38,MSFOCP-MSFF-AAAAAA000000000000000038,Zero,FULLY_SPECIFIED,,Zéro,FULLY_SPECIFIED,fr,,,,,,,,,,,,,,0,SHORT,en,0,SHORT,fr,Misc,N/A,,,,,,,,,,,,,,,,,,,,,,,,,,,,,,,,,,
Concept,MSFOCP,MSFOCP,,MSFF39,MSFOCP-MSFF-AAAAAA000000000000000039,One,FULLY_SPECIFIED,,Un,FULLY_SPECIFIED,fr,,,,,,,,,,,,,,1,SHORT,en,1,SHORT,fr,Misc,N/A,,,,,,,,,,,,,,,,,,,,,,,,,,,,,,,,,,
Concept,MSFOCP,MSFOCP,,MSFF40,MSFOCP-MSFF-AAAAAA000000000000000040,Two,FULLY_SPECIFIED,,Deux,FULLY_SPECIFIED,fr,,,,,,,,,,,,,,2,SHORT,en,2,SHORT,fr,Misc,N/A,,,,,,,,,,,,,,,,,,,,,,,,,,,,,,,,,,
Concept,MSFOCP,MSFOCP,,MSFF41,MSFOCP-MSFF-AAAAAA000000000000000041,Three,FULLY_SPECIFIED,,Trois,FULLY_SPECIFIED,fr,,,,,,,,,,,,,,3,SHORT,en,3,SHORT,fr,Misc,N/A,,,,,,,,,,,,,,,,,,,,,,,,,,,,,,,,,,
Concept,MSFOCP,MSFOCP,,MSFF42,MSFOCP-MSFF-AAAAAA000000000000000042,Four,FULLY_SPECIFIED,,Quatre,FULLY_SPECIFIED,fr,,,,,,,,,,,,,,4,SHORT,en,4,SHORT,fr,Misc,N/A,,,,,,,,,,,,,,,,,,,,,,,,,,,,,,,,,,
Concept,MSFOCP,MSFOCP,,MSFF43,MSFOCP-MSFF-AAAAAA000000000000000043,Five,FULLY_SPECIFIED,,Cinq,FULLY_SPECIFIED,fr,,,,,,,,,,,,,,5,SHORT,en,5,SHORT,fr,Misc,N/A,,,,,,,,,,,,,,,,,,,,,,,,,,,,,,,,,,
Concept,MSFOCP,MSFOCP,,MSFF44,MSFOCP-MSFF-AAAAAA000000000000000044,Six,FULLY_SPECIFIED,,Six,FULLY_SPECIFIED,fr,,,,,,,,,,,,,,6,SHORT,en,6,SHORT,fr,Misc,N/A,,,,,,,,,,,,,,,,,,,,,,,,,,,,,,,,,,
Concept,MSFOCP,MSFOCP,,MSFF45,MSFOCP-MSFF-AAAAAA000000000000000045,Seven,FULLY_SPECIFIED,,Sept,FULLY_SPECIFIED,fr,,,,,,,,,,,,,,7,SHORT,en,7,SHORT,fr,Misc,N/A,,,,,,,,,,,,,,,,,,,,,,,,,,,,,,,,,,
Concept,MSFOCP,MSFOCP,,MSFF46,MSFOCP-MSFF-AAAAAA000000000000000046,Eight,FULLY_SPECIFIED,,Huit,FULLY_SPECIFIED,fr,,,,,,,,,,,,,,8,SHORT,en,8,SHORT,fr,Misc,N/A,,,,,,,,,,,,,,,,,,,,,,,,,,,,,,,,,,
Concept,MSFOCP,MSFOCP,,MSFF47,MSFOCP-MSFF-AAAAAA000000000000000047,Nine,FULLY_SPECIFIED,,Neuf,FULLY_SPECIFIED,fr,,,,,,,,,,,,,,9,SHORT,en,9,SHORT,fr,Misc,N/A,,,,,,,,,,,,,,,,,,,,,,,,,,,,,,,,,,
Concept,MSFOCP,MSFOCP,,MSFF48,MSFOCP-MSFF-AAAAAA000000000000000048,Ten,FULLY_SPECIFIED,,Dix,FULLY_SPECIFIED,fr,,,,,,,,,,,,,,10,SHORT,en,10,SHORT,fr,Misc,N/A,,,,,,,,,,,,,,,,,,,,,,,,,,,,,,,,,,
Concept,MSFOCP,MSFOCP,,MSFF49,MSFOCP-MSFF-AAAAAA000000000000000049,History of allergy,FULLY_SPECIFIED,,Antécédents d'allergie,FULLY_SPECIFIED,fr,,,,,,,,,,,,,,,,,,,,Question,Coded,,,,,,,,,,,,,,,,,,,,,,,,,,,,,,,,,,
Concept,MSFOCP,MSFOCP,,MSFF50,MSFOCP-MSFF-AAAAAA000000000000000050,"History of allergy, comment",FULLY_SPECIFIED,,"Antécédents d'allergie, commentaire",FULLY_SPECIFIED,fr,,,,,,,,,,,,,,,,,,,,Question,Text,,,,,,,,,,,,,,,,,,,,,,,,,,,,,,,,,,
Concept,MSFOCP,MSFOCP,,MSFF51,MSFOCP-MSFF-AAAAAA000000000000000051,Vulva and vagina examination,FULLY_SPECIFIED,,Examen de la vulve et du vagin,FULLY_SPECIFIED,fr,,,,,,,,,,,,,,,,,,,,Question,Coded,,,,,,,,,,,,,,,,,,,,,,,,,,,,,,,,,,
Concept,MSFOCP,MSFOCP,,MSFF52,MSFOCP-MSFF-AAAAAA000000000000000052,"Vulva and vagina examination, comment",FULLY_SPECIFIED,,"Examen de la vulve et du vagin, commentaire",FULLY_SPECIFIED,fr,,,,,,,,,,,,,,,,,,,,Question,Text,,,,,,,,,,,,,,,,,,,,,,,,,,,,,,,,,,
Concept,MSFOCP,MSFOCP,,MSFF53,MSFOCP-MSFF-AAAAAA000000000000000053,Aceto-white areas,FULLY_SPECIFIED,,Zones acéto-blanches,FULLY_SPECIFIED,fr,,,,,,,,,,,,,,,,,,,,Finding,N/A,,,,,,,,,,,,,,,,,,,,,,,,,,,,,,,,,,
Concept,MSFOCP,MSFOCP,,MSFF54,MSFOCP-MSFF-AAAAAA000000000000000054,Other lesion,FULLY_SPECIFIED,,Autre lésion,FULLY_SPECIFIED,fr,,,,,,,,,,,,,,,,,,,,Finding,N/A,,,,,,,,,,,,,,,,,,,,,,,,,,,,,,,,,,
Concept,MSFOCP,MSFOCP,,MSFF55,MSFOCP-MSFF-AAAAAA000000000000000055,"Aceto-white areas, size",FULLY_SPECIFIED,,"Zones acéto-blanches, taille",FULLY_SPECIFIED,fr,,,,,,,,,,,,,,,,,,,,Finding,Numeric,,,,,,,,,,,,,,,,,,,,,,,,,,,,,,,,,,
Concept,MSFOCP,MSFOCP,,MSFF56,MSFOCP-MSFF-AAAAAA000000000000000056,"Aceto-white areas, localisation",FULLY_SPECIFIED,,"Zones acéto-blanches, localisation",FULLY_SPECIFIED,fr,,,,,,,,,,,,,,,,,,,,Finding,Text,,,,,,,,,,,,,,,,,,,,,,,,,,,,,,,,,,
Concept,MSFOCP,MSFOCP,,MSFF57,MSFOCP-MSFF-AAAAAA000000000000000057,"Aceto-white areas, description",FULLY_SPECIFIED,,"Zones acéto-blanches, description",FULLY_SPECIFIED,fr,,,,,,,,,,,,,,,,,,,,Finding,Text,,,,,,,,,,,,,,,,,,,,,,,,,,,,,,,,,,
Concept,MSFOCP,MSFOCP,,MSFF58,MSFOCP-MSFF-AAAAAA000000000000000058,"Other lesion, size",FULLY_SPECIFIED,,"Autre lésion, taille",FULLY_SPECIFIED,fr,,,,,,,,,,,,,,,,,,,,Finding,Numeric,,,,,,,,,,,,,,,,,,,,,,,,,,,,,,,,,,
Concept,MSFOCP,MSFOCP,,MSFF59,MSFOCP-MSFF-AAAAAA000000000000000059,"Other lesion, localisation",FULLY_SPECIFIED,,"Autre lésion, localisation",FULLY_SPECIFIED,fr,,,,,,,,,,,,,,,,,,,,Finding,Text,,,,,,,,,,,,,,,,,,,,,,,,,,,,,,,,,,
Concept,MSFOCP,MSFOCP,,MSFF60,MSFOCP-MSFF-AAAAAA000000000000000060,"Other lesion, description",FULLY_SPECIFIED,,"Autre lésion, description",FULLY_SPECIFIED,fr,,,,,,,,,,,,,,,,,,,,Finding,Text,,,,,,,,,,,,,,,,,,,,,,,,,,,,,,,,,,
Concept,MSFOCP,MSFOCP,,MSFF61,MSFOCP-MSFF-AAAAAA000000000000000061,Colposcopic findings,FULLY_SPECIFIED,,Résultats colposcopiques,FULLY_SPECIFIED,fr,,,,,,,,,,,,,,,,,,,,Question,Coded,,,,,,,,,,,,,,,,,,,,,,,,,,,,,,,,,,
Concept,MSFOCP,MSFOCP,,MSFF62,MSFOCP-MSFF-AAAAAA000000000000000062,Colposcopy conclusion,FULLY_SPECIFIED,,Conclusion de la colposcopie,FULLY_SPECIFIED,fr,,,,,,,,,,,,,,,,,,,,Question,Coded,,,,,,,,,,,,,,,,,,,,,,,,,,,,,,,,,,
Concept,MSFOCP,MSFOCP,,MSFF63,MSFOCP-MSFF-AAAAAA000000000000000063,Procedure performed,FULLY_SPECIFIED,,Procédure effectuée,FULLY_SPECIFIED,fr,,,,,,,,,,,,,,,,,,,,Procedure,Coded,,,,,,,,,,,,,,,,,,,,,,,,,,,,,,,,,,
Concept,MSFOCP,MSFOCP,,MSFF64,MSFOCP-MSFF-AAAAAA000000000000000064,Biopsy localisation,FULLY_SPECIFIED,,Localisation de la biopsie,FULLY_SPECIFIED,fr,,,,,,,,,,,,,,,,,,,,Finding,Coded,,,,,,,,,,,,,,,,,,,,,,,,,,,,,,,,,,
Concept,MSFOCP,MSFOCP,,MSFF65,MSFOCP-MSFF-AAAAAA000000000000000065,Biopsy localisation detail,FULLY_SPECIFIED,,"Localisation de la biopsie, details",FULLY_SPECIFIED,fr,,,,,,,,,,,,,,,,,,,,Finding,Date,,,,,,,,,,,,,,,,,,,,,,,,,,,,,,,,,,
Concept,MSFOCP,MSFOCP,,MSFF66,MSFOCP-MSFF-AAAAAA000000000000000066,Other indication,FULLY_SPECIFIED,,Autre indication,FULLY_SPECIFIED,fr,,,,,,,,,,,,,,,,,,,,Misc,N/A,,,,,,,,,,,,,,,,,,,,,,,,,,,,,,,,,,
Concept,MSFOCP,MSFOCP,,MSFF67,MSFOCP-MSFF-AAAAAA000000000000000067,"Other indication, specify",FULLY_SPECIFIED,,"Autre indication, précisez",FULLY_SPECIFIED,fr,,,,,,,,,,,,,,,,,,,,Question,Text,,,,,,,,,,,,,,,,,,,,,,,,,,,,,,,,,,
Concept,MSFOCP,MSFOCP,,MSFF68,MSFOCP-MSFF-AAAAAA000000000000000068,Administred dose (ml),FULLY_SPECIFIED,,Dose administrée (ml),FULLY_SPECIFIED,fr,,,,,,,,,,,,,,,,,,,,Question,Numeric,,,,,,,,,,,,,,,,,,,,,,,,,,,,,,,,,,
Concept,MSFOCP,MSFOCP,,MSFF69,MSFOCP-MSFF-AAAAAA000000000000000069,UNRWA facility name,FULLY_SPECIFIED,,Nom de la structure UNRWA,FULLY_SPECIFIED,fr,,,,,,,,,,,,,,,,,,,,Question,Coded,,,,,,,,,,,,,,,,,,,,,,,,,,,,,,,,,,
Concept,MSFOCP,MSFOCP,,MSFF70,MSFOCP-MSFF-AAAAAA000000000000000070,NGO facility name,FULLY_SPECIFIED,,Nom de l'installation de l'ONG,FULLY_SPECIFIED,fr,,,,,,,,,,,,,,,,,,,,Question,Coded,,,,,,,,,,,,,,,,,,,,,,,,,,,,,,,,,,
Concept,MSFOCP,MSFOCP,,MSFF71,MSFOCP-MSFF-AAAAAA000000000000000071,UNRWA,FULLY_SPECIFIED,,UNRWA,FULLY_SPECIFIED,fr,,,,,,,,,,,,,,,,,,,,Misc,N/A,,,,,,,,,,,,,,,,,,,,,,,,,,,,,,,,,,
Concept,MSFOCP,MSFOCP,,MSFF72,MSFOCP-MSFF-AAAAAA000000000000000072,Non gouvernmental organization,FULLY_SPECIFIED,,Organisation non gouvernementale,FULLY_SPECIFIED,fr,,,,,,,,,,,,,,NGO,SHORT,en,ONG,SHORT,fr,Misc,N/A,,,,,,,,,,,,,,,,,,,,,,,,,,,,,,,,,,
Concept,MSFOCP,MSFOCP,,MSFF73,MSFOCP-MSFF-AAAAAA000000000000000073,Clinic,FULLY_SPECIFIED,,Clinique,FULLY_SPECIFIED,fr,,,,,,,,,,,,,,,,,,,,Misc,N/A,,,,,,,,,,,,,,,,,,,,,,,,,,,,,,,,,,
Concept,MSFOCP,MSFOCP,,MSFF74,MSFOCP-MSFF-AAAAAA000000000000000074,"Other injury, specify",FULLY_SPECIFIED,,"Autre blessure, précisez",FULLY_SPECIFIED,fr,,,,,,,,,,,,,,,,,,,,Question,Text,,,,,,,,,,,,,,,,,,,,,,,,,,,,,,,,,,
Concept,MSFOCP,MSFOCP,,MSFF75,MSFOCP-MSFF-AAAAAA000000000000000075,Admission,FULLY_SPECIFIED,,Admission,FULLY_SPECIFIED,fr,,,,,,,,,,,,,,,,,,,,Misc,N/A,,,,,,,,,,,,,,,,,,,,,,,,,,,,,,,,,,
Concept,MSFOCP,MSFOCP,,MSFF76,MSFOCP-MSFF-AAAAAA000000000000000076,Readmission,FULLY_SPECIFIED,,Réadmission,FULLY_SPECIFIED,fr,,,,,,,,,,,,,,,,,,,,Misc,N/A,,,,,,,,,,,,,,,,,,,,,,,,,,,,,,,,,,
Concept,MSFOCP,MSFOCP,,MSFF77,MSFOCP-MSFF-AAAAAA000000000000000077,Rejection,FULLY_SPECIFIED,,Refus,FULLY_SPECIFIED,fr,,,,,,,,,,,,,,,,,,,,Misc,N/A,,,,,,,,,,,,,,,,,,,,,,,,,,,,,,,,,,
Concept,MSFOCP,MSFOCP,,MSFF78,MSFOCP-MSFF-AAAAAA000000000000000078,Reason of rejection,FULLY_SPECIFIED,,Raison du refus,FULLY_SPECIFIED,fr,,,,,,,,,,,,,,,,,,,,Question,Coded,,,,,,,,,,,,,,,,,,,,,,,,,,,,,,,,,,
Concept,MSFOCP,MSFOCP,,MSFF79,MSFOCP-MSFF-AAAAAA000000000000000079,Out of criteria,FULLY_SPECIFIED,,Hors critères,FULLY_SPECIFIED,fr,,,,,,,,,,,,,,,,,,,,Misc,N/A,,,,,,,,,,,,,,,,,,,,,,,,,,,,,,,,,,
Concept,MSFOCP,MSFOCP,,MSFF80,MSFOCP-MSFF-AAAAAA000000000000000080,Patient refuses care,FULLY_SPECIFIED,,Le patient refuse les soins,FULLY_SPECIFIED,fr,,,,,,,,,,,,,,,,,,,,Misc,N/A,,,,,,,,,,,,,,,,,,,,,,,,,,,,,,,,,,
Concept,MSFOCP,MSFOCP,,MSFF81,MSFOCP-MSFF-AAAAAA000000000000000081,No documentation,FULLY_SPECIFIED,,Pas de documentation,FULLY_SPECIFIED,fr,,,,,,,,,,,,,,,,,,,,Misc,N/A,,,,,,,,,,,,,,,,,,,,,,,,,,,,,,,,,,
Concept,MSFOCP,MSFOCP,,MSFF82,MSFOCP-MSFF-AAAAAA000000000000000082,Followed by another actor,FULLY_SPECIFIED,,Suivi par un autre acteur,FULLY_SPECIFIED,fr,,,,,,,,,,,,,,,,,,,,Misc,N/A,,,,,,,,,,,,,,,,,,,,,,,,,,,,,,,,,,
Concept,MSFOCP,MSFOCP,,MSFF83,MSFOCP-MSFF-AAAAAA000000000000000083,Patient sent to another actor,FULLY_SPECIFIED,,Patient envoyé à un autre acteur,FULLY_SPECIFIED,fr,,,,,,,,,,,,,,,,,,,,Question,Boolean,,,,,,,,,,,,,,,,,,,,,,,,,,,,,,,,,,
Concept,MSFOCP,MSFOCP,,MSFF84,MSFOCP-MSFF-AAAAAA000000000000000084,Ministry of Health,FULLY_SPECIFIED,,Ministère de la Santé ,FULLY_SPECIFIED,fr,,,,,,,,,,,,,,MOH,SHORT,en,MDS,SHORT,fr,Misc,N/A,,,,,,,,,,,,,,,,,,,,,,,,,,,,,,,,,,
Concept,MSFOCP,MSFOCP,,MSFF85,MSFOCP-MSFF-AAAAAA000000000000000085,World Health Organization,FULLY_SPECIFIED,,Organisation Mondiale de la Santé ,FULLY_SPECIFIED,fr,,,,,,,,,,,,,,WHO,SHORT,en,OMS,SHORT,fr,Misc,N/A,,,,,,,,,,,,,,,,,,,,,,,,,,,,,,,,,,
Concept,MSFOCP,MSFOCP,,MSFF86,MSFOCP-MSFF-AAAAAA000000000000000086,MSF OCB,FULLY_SPECIFIED,,MSF OCB,FULLY_SPECIFIED,fr,,,,,,,,,,,,,,,,,,,,Misc,N/A,,,,,,,,,,,,,,,,,,,,,,,,,,,,,,,,,,
Concept,MSFOCP,MSFOCP,,MSFF87,MSFOCP-MSFF-AAAAAA000000000000000087,MSF OCG,FULLY_SPECIFIED,,MSF OCG,FULLY_SPECIFIED,fr,,,,,,,,,,,,,,,,,,,,Misc,N/A,,,,,,,,,,,,,,,,,,,,,,,,,,,,,,,,,,
Concept,MSFOCP,MSFOCP,,MSFF88,MSFOCP-MSFF-AAAAAA000000000000000088,MSF OCBA,FULLY_SPECIFIED,,MSF OCBA,FULLY_SPECIFIED,fr,,,,,,,,,,,,,,,,,,,,Misc,N/A,,,,,,,,,,,,,,,,,,,,,,,,,,,,,,,,,,
Concept,MSFOCP,MSFOCP,,MSFF89,MSFOCP-MSFF-AAAAAA000000000000000089,MSF OCP,FULLY_SPECIFIED,,MSFOCP,FULLY_SPECIFIED,fr,,,,,,,,,,,,,,,,,,,,Misc,N/A,,,,,,,,,,,,,,,,,,,,,,,,,,,,,,,,,,
Concept,MSFOCP,MSFOCP,,MSFF90,MSFOCP-MSFF-AAAAAA000000000000000090,Referral location,FULLY_SPECIFIED,,Lieu de référence,FULLY_SPECIFIED,fr,,,,,,,,,,,,,,,,,,,,Question,Coded,,,,,,,,,,,,,,,,,,,,,,,,,,,,,,,,,,
Concept,MSFOCP,MSFOCP,,MSFF91,MSFOCP-MSFF-AAAAAA000000000000000091,"Other referral location, specify",FULLY_SPECIFIED,,"Autre lieu de référence, précisez",FULLY_SPECIFIED,fr,,,,,,,,,,,,,,,,,,,,Question,Text,,,,,,,,,,,,,,,,,,,,,,,,,,,,,,,,,,
Concept,MSFOCP,MSFOCP,,MSFF92,MSFOCP-MSFF-AAAAAA000000000000000092,"Other cause, specify",FULLY_SPECIFIED,,"Autre cause, précisez",FULLY_SPECIFIED,fr,,,,,,,,,,,,,,,,,,,,Question,Text,,,,,,,,,,,,,,,,,,,,,,,,,,,,,,,,,,
Concept,MSFOCP,MSFOCP,,MSFF93,MSFOCP-MSFF-AAAAAA000000000000000093,Unintentional injury,FULLY_SPECIFIED,,Blessure non intentionnelle,FULLY_SPECIFIED,fr,,,,,,,,,,,,,,,,,,,,Finding,N/A,,,,,,,,,,,,,,,,,,,,,,,,,,,,,,,,,,
Concept,MSFOCP,MSFOCP,,MSFF94,MSFOCP-MSFF-AAAAAA000000000000000094,Explosion,FULLY_SPECIFIED,,Explosion,FULLY_SPECIFIED,fr,,,,,,,,,,,,,,,,,,,,Finding,N/A,,,,,,,,,,,,,,,,,,,,,,,,,,,,,,,,,,
Concept,MSFOCP,MSFOCP,,MSFF95,MSFOCP-MSFF-AAAAAA000000000000000095,PHQ-4 score,FULLY_SPECIFIED,,Note PHQ-4,FULLY_SPECIFIED,fr,,,,,,,,,,,,,,,,,,,,Test,Numeric,,,,,,,,,,,,,,,,,,,,,,,,,,,,,,,,,,
Concept,MSFOCP,MSFOCP,,MSFF96,MSFOCP-MSFF-AAAAAA000000000000000096,Type of visit,FULLY_SPECIFIED,,Type de visite,FULLY_SPECIFIED,fr,,,,,,,,,,,,,,,,,,,,Question,Coded,,,,,,,,,,,,,,,,,,,,,,,,,,,,,,,,,MW,Lab
Concept,MSFOCP,MSFOCP,,MSFF97,MSFOCP-MSFF-AAAAAA000000000000000097,Baseline,FULLY_SPECIFIED,,Référence,FULLY_SPECIFIED,fr,,,,,,,,,,,,,,,,,,,,Misc,N/A,,,,,,,,,,,,,,,,,,,,,,,,,,,,,,,,,MW,Lab
Concept,MSFOCP,MSFOCP,,MSFF98,MSFOCP-MSFF-AAAAAA000000000000000098,Other type of visit,FULLY_SPECIFIED,,Autre type de visite,FULLY_SPECIFIED,fr,,,,,,,,,,,,,,,,,,,,Question,Text,,,,,,,,,,,,,,,,,,,,,,,,,,,,,,,,,MW,Lab
Concept,MSFOCP,MSFOCP,,MSFF99,MSFOCP-MSFF-AAAAAA000000000000000099,Blood culture result,FULLY_SPECIFIED,,Résultat de l'hémoculture,FULLY_SPECIFIED,fr,,,,,,,,,,,,,,,,,,,,Test,Coded,,,,,,,,,,,,,,,,,,,,,,,,,,,,,,,,,MW,Lab
Concept,MSFOCP,MSFOCP,,MSFF100,MSFOCP-MSFF-AAAAAA000000000000000100,Frequency of observation (/h),FULLY_SPECIFIED,,Fréquence d'observation (/h),FULLY_SPECIFIED,fr,,,,,,,,,,,,,,,,,,,,Question,Numeric,,,,,,,,,,,,,,,,,,,,,,,,,,,,,,,,,MW,VS
Concept,MSFOCP,MSFOCP,,MSFF101,MSFOCP-MSFF-AAAAAA000000000000000101,Oncology ID,FULLY_SPECIFIED,,Identifiant oncologie,FULLY_SPECIFIED,fr,,,,,,,,,,,,,,,,,,,,Question,Numeric,,,,,,,,,,,,,,,,,,,,,,,,,,,,,,,,,MW,Nursing History
Concept,MSFOCP,MSFOCP,,MSFF102,MSFOCP-MSFF-AAAAAA000000000000000102,Mastercard ID,FULLY_SPECIFIED,,Identifiant Mastercard,FULLY_SPECIFIED,fr,,,,,,,,,,,,,,,,,,,,Question,Text,,,,,,,,,,,,,,,,,,,,,,,,,,,,,,,,,MW,Nursing History
Concept,MSFOCP,MSFOCP,,MSFF103,MSFOCP-MSFF-AAAAAA000000000000000103,Cancer treatment,FULLY_SPECIFIED,,Traitement du cancer,FULLY_SPECIFIED,fr,,,,,,,,,,,,,,,,,,,,Finding,N/A,,,,,,,,,,,,,,,,,,,,,,,,,,,,,,,,,MW,Nursing History
Concept,MSFOCP,MSFOCP,,MSFF104,MSFOCP-MSFF-AAAAAA000000000000000104,Cancer suspect,FULLY_SPECIFIED,,Suspicion de cancer,FULLY_SPECIFIED,fr,,,,,,,,,,,,,,,,,,,,Finding,N/A,,,,,,,,,,,,,,,,,,,,,,,,,,,,,,,,,MW,Nursing History
Concept,MSFOCP,MSFOCP,,MSFF105,MSFOCP-MSFF-AAAAAA000000000000000105,Positive VIA result,FULLY_SPECIFIED,,Résultat IVA positif,FULLY_SPECIFIED,fr,,,,,,,,,,,,,,,,,,,,Finding,N/A,,,,,,,,,,,,,,,,,,,,,,,,,,,,,,,,,MW,Nursing History
Concept,MSFOCP,MSFOCP,,MSFF106,MSFOCP-MSFF-AAAAAA000000000000000106,Cancer follow up,FULLY_SPECIFIED,,Suivi cancer,FULLY_SPECIFIED,fr,,,,,,,,,,,,,,,,,,,,Finding,N/A,,,,,,,,,,,,,,,,,,,,,,,,,,,,,,,,,MW,Nursing History
Concept,MSFOCP,MSFOCP,,MSFF107,MSFOCP-MSFF-AAAAAA000000000000000107,Covid-19 test result,FULLY_SPECIFIED,,Résultat du test Covid-19,FULLY_SPECIFIED,fr,,,,,,,,,,,,,,,,,,,,Question,Coded,,,,,,,,,,,,,,,,,,,,,,,,,,,,,,,,,MW,Nursing History
Concept,MSFOCP,MSFOCP,,MSFF108,MSFOCP-MSFF-AAAAAA000000000000000108,Supportive services,FULLY_SPECIFIED,,Services de support,FULLY_SPECIFIED,fr,,,,,,,,,,,,,,,,,,,,Finding,N/A,,,,,,,,,,,,,,,,,,,,,,,,,,,,,,,,,MW,Nursing History
Concept,MSFOCP,MSFOCP,,MSFF109,MSFOCP-MSFF-AAAAAA000000000000000109,MSF VIA center,FULLY_SPECIFIED,,Centre IVA MSF,FULLY_SPECIFIED,fr,,,,,,,,,,,,,,,,,,,,Misc,N/A,,,,,,,,,,,,,,,,,,,,,,,,,,,,,,,,,MW,Nursing History
Concept,MSFOCP,MSFOCP,,MSFF110,MSFOCP-MSFF-AAAAAA000000000000000110,NGO's VIA center,FULLY_SPECIFIED,,Centre IVA ONG,FULLY_SPECIFIED,fr,,,,,,,,,,,,,,,,,,,,Misc,N/A,,,,,,,,,,,,,,,,,,,,,,,,,,,,,,,,,MW,Nursing History
Concept,MSFOCP,MSFOCP,,MSFF111,MSFOCP-MSFF-AAAAAA000000000000000111,Limbe,FULLY_SPECIFIED,,Limbé,FULLY_SPECIFIED,fr,,,,,,,,,,,,,,,,,,,,Misc,N/A,,,,,,,,,,,,,,,,,,,,,,,,,,,,,,,,,MW,Nursing History
Concept,MSFOCP,MSFOCP,,MSFF112,MSFOCP-MSFF-AAAAAA000000000000000112,Bangwe,FULLY_SPECIFIED,,Bangwe,FULLY_SPECIFIED,fr,,,,,,,,,,,,,,,,,,,,Misc,N/A,,,,,,,,,,,,,,,,,,,,,,,,,,,,,,,,,MW,Nursing History
Concept,MSFOCP,MSFOCP,,MSFF113,MSFOCP-MSFF-AAAAAA000000000000000113,Ndirande,FULLY_SPECIFIED,,Ndirande,FULLY_SPECIFIED,fr,,,,,,,,,,,,,,,,,,,,Misc,N/A,,,,,,,,,,,,,,,,,,,,,,,,,,,,,,,,,MW,Nursing History
Concept,MSFOCP,MSFOCP,,MSFF114,MSFOCP-MSFF-AAAAAA000000000000000114,Chilomoni,FULLY_SPECIFIED,,Chilomoni,FULLY_SPECIFIED,fr,,,,,,,,,,,,,,,,,,,,Misc,N/A,,,,,,,,,,,,,,,,,,,,,,,,,,,,,,,,,MW,Nursing History
Concept,MSFOCP,MSFOCP,,MSFF115,MSFOCP-MSFF-AAAAAA000000000000000115,Milepa,FULLY_SPECIFIED,,Milepa,FULLY_SPECIFIED,fr,,,,,,,,,,,,,,,,,,,,Misc,N/A,,,,,,,,,,,,,,,,,,,,,,,,,,,,,,,,,MW,Nursing History
Concept,MSFOCP,MSFOCP,,MSFF116,MSFOCP-MSFF-AAAAAA000000000000000116,Namadzi,FULLY_SPECIFIED,,Namadzi,FULLY_SPECIFIED,fr,,,,,,,,,,,,,,,,,,,,Misc,N/A,,,,,,,,,,,,,,,,,,,,,,,,,,,,,,,,,MW,Nursing History
Concept,MSFOCP,MSFOCP,,MSFF117,MSFOCP-MSFF-AAAAAA000000000000000117,Namitambo,FULLY_SPECIFIED,,Namitambo,FULLY_SPECIFIED,fr,,,,,,,,,,,,,,,,,,,,Misc,N/A,,,,,,,,,,,,,,,,,,,,,,,,,,,,,,,,,MW,Nursing History
Concept,MSFOCP,MSFOCP,,MSFF118,MSFOCP-MSFF-AAAAAA000000000000000118,DHO/Chiradzulu,FULLY_SPECIFIED,,DHO/Chiradzulu,FULLY_SPECIFIED,fr,,,,,,,,,,,,,,,,,,,,Misc,N/A,,,,,,,,,,,,,,,,,,,,,,,,,,,,,,,,,MW,Nursing History
Concept,MSFOCP,MSFOCP,,MSFF119,MSFOCP-MSFF-AAAAAA000000000000000119,MSF VIA center name,FULLY_SPECIFIED,,Nom du centre MSF VIA,FULLY_SPECIFIED,fr,,,,,,,,,,,,,,,,,,,,Question,Coded,,,,,,,,,,,,,,,,,,,,,,,,,,,,,,,,,MW,Nursing History
Concept,MSFOCP,MSFOCP,,MSFF120,MSFOCP-MSFF-AAAAAA000000000000000120,EGPAF,FULLY_SPECIFIED,,EGPAF,FULLY_SPECIFIED,fr,,,,,,,,,,,,,,,,,,,,Misc,N/A,,,,,,,,,,,,,,,,,,,,,,,,,,,,,,,,,MW,Nursing History
Concept,MSFOCP,MSFOCP,,MSFF121,MSFOCP-MSFF-AAAAAA000000000000000121,DREAM,FULLY_SPECIFIED,,DREAM,FULLY_SPECIFIED,fr,,,,,,,,,,,,,,,,,,,,Misc,N/A,,,,,,,,,,,,,,,,,,,,,,,,,,,,,,,,,MW,Nursing History
Concept,MSFOCP,MSFOCP,,MSFF122,MSFOCP-MSFF-AAAAAA000000000000000122,CHAI,FULLY_SPECIFIED,,CHAI,FULLY_SPECIFIED,fr,,,,,,,,,,,,,,,,,,,,Misc,N/A,,,,,,,,,,,,,,,,,,,,,,,,,,,,,,,,,MW,Nursing History
Concept,MSFOCP,MSFOCP,,MSFF123,MSFOCP-MSFF-AAAAAA000000000000000123,NGO's VIA center name,FULLY_SPECIFIED,,Nom du centre IVA ONG,FULLY_SPECIFIED,fr,,,,,,,,,,,,,,,,,,,,Question,Coded,,,,,,,,,,,,,,,,,,,,,,,,,,,,,,,,,MW,Nursing History
Concept,MSFOCP,MSFOCP,,MSFF124,MSFOCP-MSFF-AAAAAA000000000000000124,Initial Health Education received,FULLY_SPECIFIED,,Éducationtherapeutique initiale reçue,FULLY_SPECIFIED,fr,,,,,,,,,,,,,,,,,,,,Question,Coded,,,,,,,,,,,,,,,,,,,,,,,,,,,,,,,,,MW,Nursing History
Concept,MSFOCP,MSFOCP,,MSFF125,MSFOCP-MSFF-AAAAAA000000000000000125,Patient does not wish to get pregnant,FULLY_SPECIFIED,,La patiente ne souhaite pas de grossesse,FULLY_SPECIFIED,fr,,,,,,,,,,,,,,,,,,,,Finding,N/A,,,,,,,,,,,,,,,,,,,,,,,,,,,,,,,,,MW,Nursing History
Concept,MSFOCP,MSFOCP,,MSFF126,MSFOCP-MSFF-AAAAAA000000000000000126,Referral for testing,FULLY_SPECIFIED,,Référence pour testing,FULLY_SPECIFIED,fr,,,,,,,,,,,,,,,,,,,,Question,Coded,,,,,,,,,,,,,,,,,,,,,,,,,,,,,,,,,MW,Nursing History
Concept,MSFOCP,MSFOCP,,MSFF127,MSFOCP-MSFF-AAAAAA000000000000000127,"Current medication, including herbal/traditional remedies",FULLY_SPECIFIED,,"Médicaments actuels, y compris traditionnels",FULLY_SPECIFIED,fr,,,,,,,,,,,,,,,,,,,,Question,Text,,,,,,,,,,,,,,,,,,,,,,,,,,,,,,,,,MW,Nursing History
Concept,MSFOCP,MSFOCP,,MSFF128,MSFOCP-MSFF-AAAAAA000000000000000128,Last histopathology exam result,FULLY_SPECIFIED,,Résultat du dernier examen histopathologique,FULLY_SPECIFIED,fr,,,,,,,,,,,,,,,,,,,,Question,Coded,,,,,,,,,,,,,,,,,,,,,,,,,,,,,,,,,MW,Nursing History
Concept,MSFOCP,MSFOCP,,MSFF129,MSFOCP-MSFF-AAAAAA000000000000000129,"Feeling nervous, anxious or on edge",FULLY_SPECIFIED,,"Se sentir nerveux, anxieux ou à fleur de peau",FULLY_SPECIFIED,fr,,,,,,,,,,,,,,,,,,,,Question,Coded,,,,,,,,,,,,,,,,,,,,,,,,,,,,,,,,,MW,Nursing History
Concept,MSFOCP,MSFOCP,,MSFF130,MSFOCP-MSFF-AAAAAA000000000000000130,Not being able to stop or control worrying,FULLY_SPECIFIED,,Ne pas être capable d'arrêter ou de contrôler l'inquiétude,FULLY_SPECIFIED,fr,,,,,,,,,,,,,,,,,,,,Question,Coded,,,,,,,,,,,,,,,,,,,,,,,,,,,,,,,,,MW,Nursing History
Concept,MSFOCP,MSFOCP,,MSFF131,MSFOCP-MSFF-AAAAAA000000000000000131,Little interest or pleasure in doing things,FULLY_SPECIFIED,,Peu d'intérêt ou de plaisir à faire les choses,FULLY_SPECIFIED,fr,,,,,,,,,,,,,,,,,,,,Question,Coded,,,,,,,,,,,,,,,,,,,,,,,,,,,,,,,,,MW,Nursing History
Concept,MSFOCP,MSFOCP,,MSFF132,MSFOCP-MSFF-AAAAAA000000000000000132,"Feeling down, depressed, or hopeless",FULLY_SPECIFIED,,"Se sentir abattu, déprimé ou désespéré",FULLY_SPECIFIED,fr,,,,,,,,,,,,,,,,,,,,Question,Coded,,,,,,,,,,,,,,,,,,,,,,,,,,,,,,,,,MW,Nursing History
Concept,MSFOCP,MSFOCP,,MSFF133,MSFOCP-MSFF-AAAAAA000000000000000133,Occasional,FULLY_SPECIFIED,,Occasionnel,FULLY_SPECIFIED,fr,,,,,,,,,,,,,,,,,,,,Misc,N/A,,,,,,,,,,,,,,,,,,,,,,,,,,,,,,,,,MW,Nursing History
Concept,MSFOCP,MSFOCP,,MSFF134,MSFOCP-MSFF-AAAAAA000000000000000134,Regular,FULLY_SPECIFIED,,Regulier,FULLY_SPECIFIED,fr,,,,,,,,,,,,,,,,,,,,Misc,N/A,,,,,,,,,,,,,,,,,,,,,,,,,,,,,,,,,MW,Nursing History
Concept,MSFOCP,MSFOCP,,MSFF135,MSFOCP-MSFF-AAAAAA000000000000000135,Heavy,FULLY_SPECIFIED,,Lourd,FULLY_SPECIFIED,fr,,,,,,,,,,,,,,,,,,,,Misc,N/A,,,,,,,,,,,,,,,,,,,,,,,,,,,,,,,,,MW,Nursing History
Concept,MSFOCP,MSFOCP,,MSFF136,MSFOCP-MSFF-AAAAAA000000000000000136,Alcohol consumption,FULLY_SPECIFIED,,Consommation d'alcool,FULLY_SPECIFIED,fr,,,,,,,,,,,,,,,,,,,,Question,Coded,,,,,,,,,,,,,,,,,,,,,,,,,,,,,,,,,MW,Nursing History
Concept,MSFOCP,MSFOCP,,MSFF137,MSFOCP-MSFF-AAAAAA000000000000000137,Vulva condyloma acuminata,FULLY_SPECIFIED,,Condyloma acuminé vulvaire,FULLY_SPECIFIED,fr,,,,,,,,,,,,,,,,,,,,Finding,N/A,,,,,,,,,,,,,,,,,,,,,,,,,,,,,,,,,MW,Colposcopy
Concept,MSFOCP,MSFOCP,,MSFF138,MSFOCP-MSFF-AAAAAA000000000000000138,Vaginal condyloma acuminata,FULLY_SPECIFIED,,Condylome acuminé vaginal,FULLY_SPECIFIED,fr,,,,,,,,,,,,,,,,,,,,Finding,N/A,,,,,,,,,,,,,,,,,,,,,,,,,,,,,,,,,MW,Colposcopy
Concept,MSFOCP,MSFOCP,,MSFF139,MSFOCP-MSFF-AAAAAA000000000000000139,LSIL,FULLY_SPECIFIED,,LSIL,FULLY_SPECIFIED,fr,,,,,,,,,,,,,,,,,,,,Finding,N/A,,,,,,,,,,,,,,,,,,,,,,,,,,,,,,,,,MW,Colposcopy
Concept,MSFOCP,MSFOCP,,MSFF140,MSFOCP-MSFF-AAAAAA000000000000000140,HSIL,FULLY_SPECIFIED,,HSIL,FULLY_SPECIFIED,fr,,,,,,,,,,,,,,,,,,,,Finding,N/A,,,,,,,,,,,,,,,,,,,,,,,,,,,,,,,,,MW,Colposcopy
Concept,MSFOCP,MSFOCP,,MSFF141,MSFOCP-MSFF-AAAAAA000000000000000141,Benign,FULLY_SPECIFIED,,Bénin,FULLY_SPECIFIED,fr,,,,,,,,,,,,,,,,,,,,Finding,N/A,,,,,,,,,,,,,,,,,,,,,,,,,,,,,,,,,MW,Colposcopy
Concept,MSFOCP,MSFOCP,,MSFF142,MSFOCP-MSFF-AAAAAA000000000000000142,Number of specimen(s) collected,FULLY_SPECIFIED,,Nombre de spécimen(s) prélevé(s),FULLY_SPECIFIED,fr,,,,,,,,,,,,,,,,,,,,Question,Numeric,,,,,,,,,,,,,,,,,,,,,,,,,,,,,,,,,MW,Colposcopy
Concept,MSFOCP,MSFOCP,,MSFF143,MSFOCP-MSFF-AAAAAA000000000000000143,At lesion,FULLY_SPECIFIED,,À la lésion,FULLY_SPECIFIED,fr,,,,,,,,,,,,,,,,,,,,Misc,N/A,,,,,,,,,,,,,,,,,,,,,,,,,,,,,,,,,MW,Colposcopy
Concept,MSFOCP,MSFOCP,,MSFF144,MSFOCP-MSFF-AAAAAA000000000000000144,At squamo-columnar junction ,FULLY_SPECIFIED,,À la jonction squamo-cylindrique,FULLY_SPECIFIED,fr,,,,,,,,,,,,,,At SCJ,SHORT,en,À la JSCfr,SHORT,fr,Misc,N/A,,,,,,,,,,,,,,,,,,,,,,,,,,,,,,,,,MW,Colposcopy
Concept,MSFOCP,MSFOCP,,MSFF145,MSFOCP-MSFF-AAAAAA000000000000000145,Full extent of lesion seen,FULLY_SPECIFIED,,Pleine étendue de la lésion vue,FULLY_SPECIFIED,fr,,,,,,,,,,,,,,,,,,,,Finding,N/A,,,,,,,,,,,,,,,,,,,,,,,,,,,,,,,,,MW,Colposcopy
Concept,MSFOCP,MSFOCP,,MSFF146,MSFOCP-MSFF-AAAAAA000000000000000146,Lesion extending into the endocervical canal,FULLY_SPECIFIED,,Lésion s'étendant dans le canal endocervical,FULLY_SPECIFIED,fr,,,,,,,,,,,,,,,,,,,,Finding,N/A,,,,,,,,,,,,,,,,,,,,,,,,,,,,,,,,,MW,Colposcopy
Concept,MSFOCP,MSFOCP,,MSFF147,MSFOCP-MSFF-AAAAAA000000000000000147,Cervix examination,FULLY_SPECIFIED,,Examen du col de l'utérus,FULLY_SPECIFIED,fr,,,,,,,,,,,,,,,,,,,,Finding,Coded,,,,,,,,,,,,,,,,,,,,,,,,,,,,,,,,,MW,Colposcopy
Concept,MSFOCP,MSFOCP,,MSFF148,MSFOCP-MSFF-AAAAAA000000000000000148,Lidocaine 2%/Epinephrine,FULLY_SPECIFIED,,Lidocaïne 2 %/épinéphrine,FULLY_SPECIFIED,fr,,,,,,,,,,,,,,,,,,,,Drug,N/A,,,,,,,,,,,,,,,,,,,,,,,,,,,,,,,,,MW,Colposcopy
Concept,MSFOCP,MSFOCP,,MSFF149,MSFOCP-MSFF-AAAAAA000000000000000149,Lidocaine 1%,FULLY_SPECIFIED,,Lidocaïne 1%,FULLY_SPECIFIED,fr,,,,,,,,,,,,,,,,,,,,Drug,N/A,,,,,,,,,,,,,,,,,,,,,,,,,,,,,,,,,MW,Colposcopy
Concept,MSFOCP,MSFOCP,,MSFF150,MSFOCP-MSFF-AAAAAA000000000000000150,Drug injected for local anesthesia,FULLY_SPECIFIED,,Médicament injecté pour anesthésie locale,FULLY_SPECIFIED,fr,,,,,,,,,,,,,,,,,,,,Question,Coded,,,,,,,,,,,,,,,,,,,,,,,,,,,,,,,,,MW,Colposcopy
Concept,MSFOCP,MSFOCP,,MSFF151,MSFOCP-MSFF-AAAAAA000000000000000151,Single pass,FULLY_SPECIFIED,,Passage unique,FULLY_SPECIFIED,fr,,,,,,,,,,,,,,,,,,,,Misc,N/A,,,,,,,,,,,,,,,,,,,,,,,,,,,,,,,,,MW,Colposcopy
Concept,MSFOCP,MSFOCP,,MSFF152,MSFOCP-MSFF-AAAAAA000000000000000152,Multi pass,FULLY_SPECIFIED,,Passage multiple,FULLY_SPECIFIED,fr,,,,,,,,,,,,,,,,,,,,Misc,N/A,,,,,,,,,,,,,,,,,,,,,,,,,,,,,,,,,MW,Colposcopy
Concept,MSFOCP,MSFOCP,,MSFF153,MSFOCP-MSFF-AAAAAA000000000000000153,Type of pass,FULLY_SPECIFIED,,Type de passage,FULLY_SPECIFIED,fr,,,,,,,,,,,,,,,,,,,,Question,Coded,,,,,,,,,,,,,,,,,,,,,,,,,,,,,,,,,MW,Colposcopy
Concept,MSFOCP,MSFOCP,,MSFF154,MSFOCP-MSFF-AAAAAA000000000000000154,Number of passes,FULLY_SPECIFIED,,Nombre de passages,FULLY_SPECIFIED,fr,,,,,,,,,,,,,,,,,,,,Question,Numeric,,,,,,,,,,,,,,,,,,,,,,,,,,,,,,,,,MW,Colposcopy
Concept,MSFOCP,MSFOCP,,MSFF155,MSFOCP-MSFF-AAAAAA000000000000000155,Localisation of passes,FULLY_SPECIFIED,,Localisation des passages,FULLY_SPECIFIED,fr,,,,,,,,,,,,,,,,,,,,Question,Text,,,,,,,,,,,,,,,,,,,,,,,,,,,,,,,,,MW,Colposcopy
Concept,MSFOCP,MSFOCP,,MSFF156,MSFOCP-MSFF-AAAAAA000000000000000156,Endocervical curettage performed,FULLY_SPECIFIED,,Curetage endocervical réalisé,FULLY_SPECIFIED,fr,,,,,,,,,,,,,,,,,,,,Procedure,Coded,,,,,,,,,,,,,,,,,,,,,,,,,,,,,,,,,MW,Colposcopy
Concept,MSFOCP,MSFOCP,,MSFF157,MSFOCP-MSFF-AAAAAA000000000000000157,Specimen marked at 12 o’clock,FULLY_SPECIFIED,,Spécimen marqué à 12h,FULLY_SPECIFIED,fr,,,,,,,,,,,,,,,,,,,,Procedure,Coded,,,,,,,,,,,,,,,,,,,,,,,,,,,,,,,,,MW,Colposcopy
Concept,MSFOCP,MSFOCP,,MSFF158,MSFOCP-MSFF-AAAAAA000000000000000158,Ibuprofen 400 mg tid for three days,FULLY_SPECIFIED,,Ibuprofène 400 mg 3/j pendant trois jours,FULLY_SPECIFIED,fr,,,,,,,,,,,,,,,,,,,,Misc,N/A,,,,,,,,,,,,,,,,,,,,,,,,,,,,,,,,,MW,Colposcopy
Concept,MSFOCP,MSFOCP,,MSFF159,MSFOCP-MSFF-AAAAAA000000000000000159,Warning signs explained,FULLY_SPECIFIED,,Les signes d'alerte expliqués,FULLY_SPECIFIED,fr,,,,,,,,,,,,,,,,,,,,Question,Coded,,,,,,,,,,,,,,,,,,,,,,,,,,,,,,,,,MW,Colposcopy
Concept,MSFOCP,MSFOCP,,MSFF160,MSFOCP-MSFF-AAAAAA000000000000000160,Biopsy of endocervix,FULLY_SPECIFIED,,Biopsie de l'endocol,FULLY_SPECIFIED,fr,,,,,,,,,,,,,,,,,,,,Test,Coded,,,,,,,,,,,,,,,,,,,,,,,,,,,,,,,,,MW,Colposcopy
Concept,MSFOCP,MSFOCP,,MSFF161,MSFOCP-MSFF-AAAAAA000000000000000161,Curettage of endocervix,FULLY_SPECIFIED,,Curetage de l'endocol,FULLY_SPECIFIED,fr,,,,,,,,,,,,,,,,,,,,Test,Coded,,,,,,,,,,,,,,,,,,,,,,,,,,,,,,,,,MW,Colposcopy
Concept,MSFOCP,MSFOCP,,MSFF162,MSFOCP-MSFF-AAAAAA000000000000000162,Fully visualized,FULLY_SPECIFIED,,Entièrement visualisé,FULLY_SPECIFIED,fr,,,,,,,,,,,,,,,,,,,,Test,Coded,,,,,,,,,,,,,,,,,,,,,,,,,,,,,,,,,MW,Colposcopy
Concept,MSFOCP,MSFOCP,,MSFF163,MSFOCP-MSFF-AAAAAA000000000000000163,Not fully visualized,FULLY_SPECIFIED,,Pas complètement visualisé,FULLY_SPECIFIED,fr,,,,,,,,,,,,,,,,,,,,Test,Coded,,,,,,,,,,,,,,,,,,,,,,,,,,,,,,,,,MW,Colposcopy
Concept,MSFOCP,MSFOCP,,MSFF164,MSFOCP-MSFF-AAAAAA000000000000000164,Cervix visibility,FULLY_SPECIFIED,,Visibilité du col de l'utérus,FULLY_SPECIFIED,fr,,,,,,,,,,,,,,,,,,,,Question,Coded,,,,,,,,,,,,,,,,,,,,,,,,,,,,,,,,,MW,Colposcopy
Concept,MSFOCP,MSFOCP,,MSFF165,MSFOCP-MSFF-AAAAAA000000000000000165,Reason for referral,FULLY_SPECIFIED,,Motif de la reference,FULLY_SPECIFIED,fr,,,,,,,,,,,,,,,,,,,,Question,Coded,,,,,,,,,,,,,,,,,,,,,,,,,,,,,,,,,MW,Nursing History
Concept,MSFOCP,MSFOCP,,MSFF166,MSFOCP-MSFF-AAAAAA000000000000000166,Fertility intention,FULLY_SPECIFIED,,Intention de fécondité,FULLY_SPECIFIED,fr,,,,,,,,,,,,,,,,,,,,Question,Coded,,,,,,,,,,,,,,,,,,,,,,,,,,,,,,,,,MW,Nursing History
Concept,MSFOCP,MSFOCP,,MSFF167,MSFOCP-MSFF-AAAAAA000000000000000167,AZT 300 / 3TC 150 + EFV 600,FULLY_SPECIFIED,,AZT 300 / 3TC 150 + EFV 600,FULLY_SPECIFIED,fr,,,,,,,,,,,,,,,,,,,,Drug,N/A,,,,,,,,,,,,,,,,,,,,,,,,,,,,,,,,,MW,Nursing History
Concept,MSFOCP,MSFOCP,,MSFF168,MSFOCP-MSFF-AAAAAA000000000000000168,TDF 300 / 3TC 300 / EFV 600,FULLY_SPECIFIED,,TDF 300 / 3TC 300 / EFV 600,FULLY_SPECIFIED,fr,,,,,,,,,,,,,,,,,,,,Drug,N/A,,,,,,,,,,,,,,,,,,,,,,,,,,,,,,,,,MW,Nursing History
Concept,MSFOCP,MSFOCP,,MSFF169,MSFOCP-MSFF-AAAAAA000000000000000169,TDF 300 / 3TC 300 + ATV/r 300/100,FULLY_SPECIFIED,,TDF 300 / 3TC 300 + ATV/r 300/100,FULLY_SPECIFIED,fr,,,,,,,,,,,,,,,,,,,,Drug,N/A,,,,,,,,,,,,,,,,,,,,,,,,,,,,,,,,,MW,Nursing History
Concept,MSFOCP,MSFOCP,,MSFF170,MSFOCP-MSFF-AAAAAA000000000000000170,AZT 300 / 3TC 150 + ATV/r 300/100,FULLY_SPECIFIED,,AZT 300 / 3TC 150 + ATV/r 300/100,FULLY_SPECIFIED,fr,,,,,,,,,,,,,,,,,,,,Drug,N/A,,,,,,,,,,,,,,,,,,,,,,,,,,,,,,,,,MW,Nursing History
Concept,MSFOCP,MSFOCP,,MSFF171,MSFOCP-MSFF-AAAAAA000000000000000171,ABC 600 / 3TC 300 + LPV/r 200/50,FULLY_SPECIFIED,,ABC 600 / 3TC 300 + LPV/r 200/50,FULLY_SPECIFIED,fr,,,,,,,,,,,,,,,,,,,,Drug,N/A,,,,,,,,,,,,,,,,,,,,,,,,,,,,,,,,,MW,Nursing History
Concept,MSFOCP,MSFOCP,,MSFF172,MSFOCP-MSFF-AAAAAA000000000000000172,TDF 300 / 3TC 300 + LPV/r 200/50,FULLY_SPECIFIED,,TDF 300 / 3TC 300 + LPV/r 200/50,FULLY_SPECIFIED,fr,,,,,,,,,,,,,,,,,,,,Drug,N/A,,,,,,,,,,,,,,,,,,,,,,,,,,,,,,,,,MW,Nursing History
Concept,MSFOCP,MSFOCP,,MSFF173,MSFOCP-MSFF-AAAAAA000000000000000173,AZT 300 / 3TC 150 + LPV/ 200/50,FULLY_SPECIFIED,,AZT 300 / 3TC 150 + LPV/ 200/50,FULLY_SPECIFIED,fr,,,,,,,,,,,,,,,,,,,,Drug,N/A,,,,,,,,,,,,,,,,,,,,,,,,,,,,,,,,,MW,Nursing History
Concept,MSFOCP,MSFOCP,,MSFF174,MSFOCP-MSFF-AAAAAA000000000000000174,DRV 600 + r 100 + DTG 50 (± NRTIs),FULLY_SPECIFIED,,DRV 600 + r 100 + DTG 50 (± NRTIs),FULLY_SPECIFIED,fr,,,,,,,,,,,,,,,,,,,,Drug,N/A,,,,,,,,,,,,,,,,,,,,,,,,,,,,,,,,,MW,Nursing History
Concept,MSFOCP,MSFOCP,,MSFF175,MSFOCP-MSFF-AAAAAA000000000000000175,TDF 300 / 3TC 300 / DTG 50,FULLY_SPECIFIED,,TDF 300 / 3TC 300 / DTG 50,FULLY_SPECIFIED,fr,,,,,,,,,,,,,,,,,,,,Drug,N/A,,,,,,,,,,,,,,,,,,,,,,,,,,,,,,,,,MW,Nursing History
Concept,MSFOCP,MSFOCP,,MSFF176,MSFOCP-MSFF-AAAAAA000000000000000176,AZT 300 / 3TC 150 + DTG 50,FULLY_SPECIFIED,,AZT 300 / 3TC 150 + DTG 50,FULLY_SPECIFIED,fr,,,,,,,,,,,,,,,,,,,,Drug,N/A,,,,,,,,,,,,,,,,,,,,,,,,,,,,,,,,,MW,Nursing History
Concept,MSFOCP,MSFOCP,,MSFF177,MSFOCP-MSFF-AAAAAA000000000000000177,ABC 600 / 3TC 300 + DTG 50,FULLY_SPECIFIED,,ABC 600 / 3TC 300 + DTG 50,FULLY_SPECIFIED,fr,,,,,,,,,,,,,,,,,,,,Drug,N/A,,,,,,,,,,,,,,,,,,,,,,,,,,,,,,,,,MW,Nursing History
Concept,MSFOCP,MSFOCP,,MSFF178,MSFOCP-MSFF-AAAAAA000000000000000178,ABC 600 / 3TC 300 + RAL 400,FULLY_SPECIFIED,,ABC 600 / 3TC 300 + RAL 400,FULLY_SPECIFIED,fr,,,,,,,,,,,,,,,,,,,,Drug,N/A,,,,,,,,,,,,,,,,,,,,,,,,,,,,,,,,,MW,Nursing History
Concept,MSFOCP,MSFOCP,,MSFF179,MSFOCP-MSFF-AAAAAA000000000000000179,ABC 600 / 3TC 300 + EFV 600,FULLY_SPECIFIED,,ABC 600 / 3TC 300 + EFV 600,FULLY_SPECIFIED,fr,,,,,,,,,,,,,,,,,,,,Drug,N/A,,,,,,,,,,,,,,,,,,,,,,,,,,,,,,,,,MW,Nursing History
Concept,MSFOCP,MSFOCP,,MSFF180,MSFOCP-MSFF-AAAAAA000000000000000180,HPV status,FULLY_SPECIFIED,,Statut HPV,FULLY_SPECIFIED,fr,,,,,,,,,,,,,,,,,,,,Question,Coded,,,,,,,,,,,,,,,,,,,,,,,,,,,,,,,,,MW,Nursing History
Concept,MSFOCP,MSFOCP,,MSFF181,MSFOCP-MSFF-AAAAAA000000000000000181,Date of appointment for results,FULLY_SPECIFIED,,Date de rendez-vous pour les résultats,FULLY_SPECIFIED,fr,,,,,,,,,,,,,,,,,,,,Question,Date,,,,,,,,,,,,,,,,,,,,,,,,,,,,,,,,,MW,Colposcopy
Concept,MSFOCP,MSFOCP,,MSFF182,MSFOCP-MSFF-AAAAAA000000000000000182,Suspected HSIL with lesion > 75% of cervical surface,FULLY_SPECIFIED,,HSIL suspecté avec lésion > 75 % de la surface cervicale,FULLY_SPECIFIED,fr,,,,,,,,,,,,,,,,,,,,Finding,N/A,,,,,,,,,,,,,,,,,,,,,,,,,,,,,,,,,MW,LEEP
Concept,MSFOCP,MSFOCP,,MSFF183,MSFOCP-MSFF-AAAAAA000000000000000183,Suspected HSIL with lesion extending into cervical canal,FULLY_SPECIFIED,,Suspicion de HSIL avec lésion s'étendant dans le canal cervical,FULLY_SPECIFIED,fr,,,,,,,,,,,,,,,,,,,,Finding,N/A,,,,,,,,,,,,,,,,,,,,,,,,,,,,,,,,,MW,LEEP
Concept,MSFOCP,MSFOCP,,MSFF184,MSFOCP-MSFF-AAAAAA000000000000000184,Suspected HSIL with SCJ not fully visualized,FULLY_SPECIFIED,,HSIL suspecté avec JSC pas entièrement visualisé,FULLY_SPECIFIED,fr,,,,,,,,,,,,,,,,,,,,Finding,N/A,,,,,,,,,,,,,,,,,,,,,,,,,,,,,,,,,MW,LEEP
Concept,MSFOCP,MSFOCP,,MSFF185,MSFOCP-MSFF-AAAAAA000000000000000185,LEEP Indication,FULLY_SPECIFIED,,Indication de LEEP,FULLY_SPECIFIED,fr,,,,,,,,,,,,,,,,,,,,Question,Coded,,,,,,,,,,,,,,,,,,,,,,,,,,,,,,,,,MW,LEEP
Concept,MSFOCP,MSFOCP,,MSFF186,MSFOCP-MSFF-AAAAAA000000000000000186,Ball electrode,FULLY_SPECIFIED,,Électrode à bille,FULLY_SPECIFIED,fr,,,,,,,,,,,,,,,,,,,,Procedure,N/A,,,,,,,,,,,,,,,,,,,,,,,,,,,,,,,,,MW,LEEP
Concept,MSFOCP,MSFOCP,,MSFF187,MSFOCP-MSFF-AAAAAA000000000000000187,Bleeding control technique,FULLY_SPECIFIED,,Technique de contrôle des saignements,FULLY_SPECIFIED,fr,,,,,,,,,,,,,,,,,,,,Procedure,Coded,,,,,,,,,,,,,,,,,,,,,,,,,,,,,,,,,MW,LEEP
Concept,MSFOCP,MSFOCP,,MSFF188,MSFOCP-MSFF-AAAAAA000000000000000188,"Bleeding control technique, Other",FULLY_SPECIFIED,,"Technique de contrôle des saignements, autre",FULLY_SPECIFIED,fr,,,,,,,,,,,,,,,,,,,,Procedure,Text,,,,,,,,,,,,,,,,,,,,,,,,,,,,,,,,,MW,LEEP
Concept,MSFOCP,MSFOCP,,MSFF189,MSFOCP-MSFF-AAAAAA000000000000000189,Complication of procedure,FULLY_SPECIFIED,,Complication de la procédure,FULLY_SPECIFIED,fr,,,,,,,,,,,,,,,,,,,,Question,Coded,,,,,,,,,,,,,,,,,,,,,,,,,,,,,,,,,MW,LEEP
Concept,MSFOCP,MSFOCP,,MSFF190,MSFOCP-MSFF-AAAAAA000000000000000190,Instructions,FULLY_SPECIFIED,,Instructions,FULLY_SPECIFIED,fr,,,,,,,,,,,,,,,,,,,,Question,Text,,,,,,,,,,,,,,,,,,,,,,,,,,,,,,,,,MW,LEEP
Concept,MSFOCP,MSFOCP,,MSFF191,MSFOCP-MSFF-AAAAAA000000000000000191,Prescription,FULLY_SPECIFIED,,Prescription,FULLY_SPECIFIED,fr,,,,,,,,,,,,,,,,,,,,Question,Coded,,,,,,,,,,,,,,,,,,,,,,,,,,,,,,,,,MW,LEEP
Concept,MSFOCP,MSFOCP,,MSFF192,MSFOCP-MSFF-AAAAAA000000000000000192,"Prescription, other",FULLY_SPECIFIED,,Prescription autre,FULLY_SPECIFIED,fr,,,,,,,,,,,,,,,,,,,,Question,Text,,,,,,,,,,,,,,,,,,,,,,,,,,,,,,,,,MW,LEEP
Concept,MSFOCP,MSFOCP,,MSFF193,MSFOCP-MSFF-AAAAAA000000000000000193,Appointment needed (weeks),FULLY_SPECIFIED,,Rendez-vous requis (semaines),FULLY_SPECIFIED,fr,,,,,,,,,,,,,,,,,,,,Question,Numeric,,,,,,,,,,,,,,,,,,,,,,,,,,,,,,,,,MW,LEEP
Concept,MSFOCP,MSFOCP,,MSFF194,MSFOCP-MSFF-AAAAAA000000000000000194,Date of next appointment,FULLY_SPECIFIED,,Date du prochain rendez-vous,FULLY_SPECIFIED,fr,,,,,,,,,,,,,,,,,,,,Question,Date,,,,,,,,,,,,,,,,,,,,,,,,,,,,,,,,,MW,LEEP
Concept,MSFOCP,MSFOCP,,MSFF195,MSFOCP-MSFF-AAAAAA000000000000000195,Other pathology,FULLY_SPECIFIED,,Autre pathologie,FULLY_SPECIFIED,fr,,,,,,,,,,,,,,,,,,,,Diagnosis,N/A,,,,,,,,,,,,,,,,,,,,,,,,,,,,,,,,,MW,Nursing History
Concept,MSFOCP,MSFOCP,,MSFF196,MSFOCP-MSFF-AAAAAA000000000000000196,North,FULLY_SPECIFIED,,Nord,FULLY_SPECIFIED,fr,,,,,,,,,,,,,,,,,,,,Misc,N/A,,,,,,,,,,,,,,,,,,,,,,,,,,,,,,,,,,
Concept,MSFOCP,MSFOCP,,MSFF197,MSFOCP-MSFF-AAAAAA000000000000000197,Gaza,FULLY_SPECIFIED,,Gaza,FULLY_SPECIFIED,fr,,,,,,,,,,,,,,,,,,,,Misc,N/A,,,,,,,,,,,,,,,,,,,,,,,,,,,,,,,,,,
Concept,MSFOCP,MSFOCP,,MSFF198,MSFOCP-MSFF-AAAAAA000000000000000198,Middle Area,FULLY_SPECIFIED,,Middle Area,FULLY_SPECIFIED,fr,,,,,,,,,,,,,,,,,,,,Misc,N/A,,,,,,,,,,,,,,,,,,,,,,,,,,,,,,,,,,
Concept,MSFOCP,MSFOCP,,MSFF199,MSFOCP-MSFF-AAAAAA000000000000000199,Khan Younis,FULLY_SPECIFIED,,Khan Younis,FULLY_SPECIFIED,fr,,,,,,,,,,,,,,,,,,,,Misc,N/A,,,,,,,,,,,,,,,,,,,,,,,,,,,,,,,,,,
Concept,MSFOCP,MSFOCP,,MSFF200,MSFOCP-MSFF-AAAAAA000000000000000200,Rafah,FULLY_SPECIFIED,,Rafah,FULLY_SPECIFIED,fr,,,,,,,,,,,,,,,,,,,,Misc,N/A,,,,,,,,,,,,,,,,,,,,,,,,,,,,,,,,,,
Concept,MSFOCP,MSFOCP,,MSFF201,MSFOCP-MSFF-AAAAAA000000000000000201,Sheikh Zayed,FULLY_SPECIFIED,,Sheikh Zayed,FULLY_SPECIFIED,fr,,,,,,الشيخ زايد,FULLY_SPECIFIED,ar,,,,,,,,,,,,Misc,N/A,,,,,,,,,,,,,,,,,,,,,,,,,,,,,,,,,,
Concept,MSFOCP,MSFOCP,,MSFF202,MSFOCP-MSFF-AAAAAA000000000000000202,Saftawi,FULLY_SPECIFIED,,Saftawi,FULLY_SPECIFIED,fr,,,,,,الصفطاوي,FULLY_SPECIFIED,ar,,,,,,,,,,,,Misc,N/A,,,,,,,,,,,,,,,,,,,,,,,,,,,,,,,,,,
Concept,MSFOCP,MSFOCP,,MSFF203,MSFOCP-MSFF-AAAAAA000000000000000203,Bedwin Village,FULLY_SPECIFIED,,Bedwin Village,FULLY_SPECIFIED,fr,,,,,,القرية البدوية,FULLY_SPECIFIED,ar,,,,,,,,,,,,Misc,N/A,,,,,,,,,,,,,,,,,,,,,,,,,,,,,,,,,,
Concept,MSFOCP,MSFOCP,,MSFF204,MSFOCP-MSFF-AAAAAA000000000000000204,Beit Lahia,FULLY_SPECIFIED,,Beit Lahia,FULLY_SPECIFIED,fr,,,,,,بيت لاهيا,FULLY_SPECIFIED,ar,,,,,,,,,,,,Misc,N/A,,,,,,,,,,,,,,,,,,,,,,,,,,,,,,,,,,
Concept,MSFOCP,MSFOCP,,MSFF205,MSFOCP-MSFF-AAAAAA000000000000000205,Twam,FULLY_SPECIFIED,,Twam,FULLY_SPECIFIED,fr,,,,,,التوام,FULLY_SPECIFIED,ar,,,,,,,,,,,,Misc,N/A,,,,,,,,,,,,,,,,,,,,,,,,,,,,,,,,,,
Concept,MSFOCP,MSFOCP,,MSFF206,MSFOCP-MSFF-AAAAAA000000000000000206,Salateen,FULLY_SPECIFIED,,Salateen,FULLY_SPECIFIED,fr,,,,,,السلاطين,FULLY_SPECIFIED,ar,,,,,,,,,,,,Misc,N/A,,,,,,,,,,,,,,,,,,,,,,,,,,,,,,,,,,
Concept,MSFOCP,MSFOCP,,MSFF207,MSFOCP-MSFF-AAAAAA000000000000000207,Sodaneyah,FULLY_SPECIFIED,,Sodaneyah,FULLY_SPECIFIED,fr,,,,,,السودانية,FULLY_SPECIFIED,ar,,,,,,,,,,,,Misc,N/A,,,,,,,,,,,,,,,,,,,,,,,,,,,,,,,,,,
Concept,MSFOCP,MSFOCP,,MSFF208,MSFOCP-MSFF-AAAAAA000000000000000208,Attatra,FULLY_SPECIFIED,,Attatra,FULLY_SPECIFIED,fr,,,,,,العطاطرة,FULLY_SPECIFIED,ar,,,,,,,,,,,,Misc,N/A,,,,,,,,,,,,,,,,,,,,,,,,,,,,,,,,,,
Concept,MSFOCP,MSFOCP,,MSFF209,MSFOCP-MSFF-AAAAAA000000000000000209,Fakhora,FULLY_SPECIFIED,,Fakhora,FULLY_SPECIFIED,fr,,,,,,الفاخورة,FULLY_SPECIFIED,ar,,,,,,,,,,,,Misc,N/A,,,,,,,,,,,,,,,,,,,,,,,,,,,,,,,,,,
Concept,MSFOCP,MSFOCP,,MSFF210,MSFOCP-MSFF-AAAAAA000000000000000210,Faloja,FULLY_SPECIFIED,,Faloja,FULLY_SPECIFIED,fr,,,,,,الفالوجا,FULLY_SPECIFIED,ar,,,,,,,,,,,,Misc,N/A,,,,,,,,,,,,,,,,,,,,,,,,,,,,,,,,,,
Concept,MSFOCP,MSFOCP,,MSFF211,MSFOCP-MSFF-AAAAAA000000000000000211,Karama,FULLY_SPECIFIED,,Karama,FULLY_SPECIFIED,fr,,,,,,الكرامه,FULLY_SPECIFIED,ar,,,,,,,,,,,,Misc,N/A,,,,,,,,,,,,,,,,,,,,,,,,,,,,,,,,,,
Concept,MSFOCP,MSFOCP,,MSFF212,MSFOCP-MSFF-AAAAAA000000000000000212,Beit Hanoun,FULLY_SPECIFIED,,Beit Hanoun,FULLY_SPECIFIED,fr,,,,,,بيت حانون,FULLY_SPECIFIED,ar,,,,,,,,,,,,Misc,N/A,,,,,,,,,,,,,,,,,,,,,,,,,,,,,,,,,,
Concept,MSFOCP,MSFOCP,,MSFF213,MSFOCP-MSFF-AAAAAA000000000000000213,Ber Naja,FULLY_SPECIFIED,,Ber Naja,FULLY_SPECIFIED,fr,,,,,,بير النعجة,FULLY_SPECIFIED,ar,,,,,,,,,,,,Misc,N/A,,,,,,,,,,,,,,,,,,,,,,,,,,,,,,,,,,
Concept,MSFOCP,MSFOCP,,MSFF214,MSFOCP-MSFF-AAAAAA000000000000000214,Tal Az-Za'atar,FULLY_SPECIFIED,,Tal Az-Za'atar,FULLY_SPECIFIED,fr,,,,,,تل الزعتر,FULLY_SPECIFIED,ar,,,,,,,,,,,,Misc,N/A,,,,,,,,,,,,,,,,,,,,,,,,,,,,,,,,,,
Concept,MSFOCP,MSFOCP,,MSFF215,MSFOCP-MSFF-AAAAAA000000000000000215,Jabalia City,FULLY_SPECIFIED,,Jabalia City,FULLY_SPECIFIED,fr,,,,,,جباليا البلد,FULLY_SPECIFIED,ar,,,,,,,,,,,,Misc,N/A,,,,,,,,,,,,,,,,,,,,,,,,,,,,,,,,,,
Concept,MSFOCP,MSFOCP,,MSFF216,MSFOCP-MSFF-AAAAAA000000000000000216,Jabalia Nazla,FULLY_SPECIFIED,,Jabalia Nazla,FULLY_SPECIFIED,fr,,,,,,جباليا النزلة,FULLY_SPECIFIED,ar,,,,,,,,,,,,Misc,N/A,,,,,,,,,,,,,,,,,,,,,,,,,,,,,,,,,,
Concept,MSFOCP,MSFOCP,,MSFF217,MSFOCP-MSFF-AAAAAA000000000000000217,Jabalia East,FULLY_SPECIFIED,,Jabalia East,FULLY_SPECIFIED,fr,,,,,,شرق جباليا,FULLY_SPECIFIED,ar,,,,,,,,,,,,Misc,N/A,,,,,,,,,,,,,,,,,,,,,,,,,,,,,,,,,,
Concept,MSFOCP,MSFOCP,,MSFF218,MSFOCP-MSFF-AAAAAA000000000000000218,Beit Hanoun Manor,FULLY_SPECIFIED,,Beit Hanoun Manor,FULLY_SPECIFIED,fr,,,,,,عزبة بيت حانون,FULLY_SPECIFIED,ar,,,,,,,,,,,,Misc,N/A,,,,,,,,,,,,,,,,,,,,,,,,,,,,,,,,,,
Concept,MSFOCP,MSFOCP,,MSFF219,MSFOCP-MSFF-AAAAAA000000000000000219,Mashroo' Beit Lahia,FULLY_SPECIFIED,,Mashroo' Beit Lahia,FULLY_SPECIFIED,fr,,,,,,مشروع بيت لاهيا,FULLY_SPECIFIED,ar,,,,,,,,,,,,Misc,N/A,,,,,,,,,,,,,,,,,,,,,,,,,,,,,,,,,,
Concept,MSFOCP,MSFOCP,,MSFF220,MSFOCP-MSFF-AAAAAA000000000000000220,Jabalia Camp,FULLY_SPECIFIED,,Jabalia Camp,FULLY_SPECIFIED,fr,,,,,,معسكر جباليا,FULLY_SPECIFIED,ar,,,,,,,,,,,,Misc,N/A,,,,,,,,,,,,,,,,,,,,,,,,,,,,,,,,,,
Concept,MSFOCP,MSFOCP,,MSFF221,MSFOCP-MSFF-AAAAAA000000000000000221,Tofah,FULLY_SPECIFIED,,Tofah,FULLY_SPECIFIED,fr,,,,,,التفاح,FULLY_SPECIFIED,ar,,,,,,,,,,,,Misc,N/A,,,,,,,,,,,,,,,,,,,,,,,,,,,,,,,,,,
Concept,MSFOCP,MSFOCP,,MSFF222,MSFOCP-MSFF-AAAAAA000000000000000222,Daraj,FULLY_SPECIFIED,,Daraj,FULLY_SPECIFIED,fr,,,,,,الدرج,FULLY_SPECIFIED,ar,,,,,,,,,,,,Misc,N/A,,,,,,,,,,,,,,,,,,,,,,,,,,,,,,,,,,
Concept,MSFOCP,MSFOCP,,MSFF223,MSFOCP-MSFF-AAAAAA000000000000000223,Zaitoun East,FULLY_SPECIFIED,,Zaitoun East,FULLY_SPECIFIED,fr,,,,,,شرق الزيتون,FULLY_SPECIFIED,ar,,,,,,,,,,,,Misc,N/A,,,,,,,,,,,,,,,,,,,,,,,,,,,,,,,,,,
Concept,MSFOCP,MSFOCP,,MSFF224,MSFOCP-MSFF-AAAAAA000000000000000224,Zaitoun West,FULLY_SPECIFIED,,Zaitoun West,FULLY_SPECIFIED,fr,,,,,,غرب الزيتون,FULLY_SPECIFIED,ar,,,,,,,,,,,,Misc,N/A,,,,,,,,,,,,,,,,,,,,,,,,,,,,,,,,,,
Concept,MSFOCP,MSFOCP,,MSFF225,MSFOCP-MSFF-AAAAAA000000000000000225,Shuja'iyeh,FULLY_SPECIFIED,,Shuja'iyeh,FULLY_SPECIFIED,fr,,,,,,الشجاعية,FULLY_SPECIFIED,ar,,,,,,,,,,,,Misc,N/A,,,,,,,,,,,,,,,,,,,,,,,,,,,,,,,,,,
Concept,MSFOCP,MSFOCP,,MSFF226,MSFOCP-MSFF-AAAAAA000000000000000226,Tal Hawa,FULLY_SPECIFIED,,Tal Hawa,FULLY_SPECIFIED,fr,,,,,,تل الهوى,FULLY_SPECIFIED,ar,,,,,,,,,,,,Misc,N/A,,,,,,,,,,,,,,,,,,,,,,,,,,,,,,,,,,
Concept,MSFOCP,MSFOCP,,MSFF227,MSFOCP-MSFF-AAAAAA000000000000000227,Old City,FULLY_SPECIFIED,,Old City,FULLY_SPECIFIED,fr,,,,,,البلدة القديمة,FULLY_SPECIFIED,ar,,,,,,,,,,,,Misc,N/A,,,,,,,,,,,,,,,,,,,,,,,,,,,,,,,,,,
Concept,MSFOCP,MSFOCP,,MSFF228,MSFOCP-MSFF-AAAAAA000000000000000228,South Remal,FULLY_SPECIFIED,,South Remal,FULLY_SPECIFIED,fr,,,,,,الرمال الجنوبي,FULLY_SPECIFIED,ar,,,,,,,,,,,,Misc,N/A,,,,,,,,,,,,,,,,,,,,,,,,,,,,,,,,,,
Concept,MSFOCP,MSFOCP,,MSFF229,MSFOCP-MSFF-AAAAAA000000000000000229,North Remal,FULLY_SPECIFIED,,North Remal,FULLY_SPECIFIED,fr,,,,,,الرمال الشمالي,FULLY_SPECIFIED,ar,,,,,,,,,,,,Misc,N/A,,,,,,,,,,,,,,,,,,,,,,,,,,,,,,,,,,
Concept,MSFOCP,MSFOCP,,MSFF230,MSFOCP-MSFF-AAAAAA000000000000000230,Shatea,FULLY_SPECIFIED,,Shatea,FULLY_SPECIFIED,fr,,,,,,الشاطئ,FULLY_SPECIFIED,ar,,,,,,,,,,,,Misc,N/A,,,,,,,,,,,,,,,,,,,,,,,,,,,,,,,,,,
Concept,MSFOCP,MSFOCP,,MSFF231,MSFOCP-MSFF-AAAAAA000000000000000231,Shaaf,FULLY_SPECIFIED,,Shaaf,FULLY_SPECIFIED,fr,,,,,,الشعف,FULLY_SPECIFIED,ar,,,,,,,,,,,,Misc,N/A,,,,,,,,,,,,,,,,,,,,,,,,,,,,,,,,,,
Concept,MSFOCP,MSFOCP,,MSFF232,MSFOCP-MSFF-AAAAAA000000000000000232,Sheikh Radwan,FULLY_SPECIFIED,,Sheikh Radwan,FULLY_SPECIFIED,fr,,,,,,الشيخ رضوان,FULLY_SPECIFIED,ar,,,,,,,,,,,,Misc,N/A,,,,,,,,,,,,,,,,,,,,,,,,,,,,,,,,,,
Concept,MSFOCP,MSFOCP,,MSFF233,MSFOCP-MSFF-AAAAAA000000000000000233,Sheikh Ejleen,FULLY_SPECIFIED,,Sheikh Ejleen,FULLY_SPECIFIED,fr,,,,,,الشيخ عجلين,FULLY_SPECIFIED,ar,,,,,,,,,,,,Misc,N/A,,,,,,,,,,,,,,,,,,,,,,,,,,,,,,,,,,
Concept,MSFOCP,MSFOCP,,MSFF234,MSFOCP-MSFF-AAAAAA000000000000000234,Sabra,FULLY_SPECIFIED,,Sabra,FULLY_SPECIFIED,fr,,,,,,الصبرة,FULLY_SPECIFIED,ar,,,,,,,,,,,,Misc,N/A,,,,,,,,,,,,,,,,,,,,,,,,,,,,,,,,,,
Concept,MSFOCP,MSFOCP,,MSFF235,MSFOCP-MSFF-AAAAAA000000000000000235,Moghraqa,FULLY_SPECIFIED,,Moghraqa,FULLY_SPECIFIED,fr,,,,,,المغراقة,FULLY_SPECIFIED,ar,,,,,,,,,,,,Misc,N/A,,,,,,,,,,,,,,,,,,,,,,,,,,,,,,,,,,
Concept,MSFOCP,MSFOCP,,MSFF236,MSFOCP-MSFF-AAAAAA000000000000000236,Asqola,FULLY_SPECIFIED,,Asqola,FULLY_SPECIFIED,fr,,,,,,عسقولة,FULLY_SPECIFIED,ar,,,,,,,,,,,,Misc,N/A,,,,,,,,,,,,,,,,,,,,,,,,,,,,,,,,,,
Concept,MSFOCP,MSFOCP,,MSFF237,MSFOCP-MSFF-AAAAAA000000000000000237,Naser,FULLY_SPECIFIED,,Naser,FULLY_SPECIFIED,fr,,,,,,النصر,FULLY_SPECIFIED,ar,,,,,,,,,,,,Misc,N/A,,,,,,,,,,,,,,,,,,,,,,,,,,,,,,,,,,
Concept,MSFOCP,MSFOCP,,MSFF238,MSFOCP-MSFF-AAAAAA000000000000000238,Jalaa,FULLY_SPECIFIED,,Jalaa,FULLY_SPECIFIED,fr,,,,,,الجلاء,FULLY_SPECIFIED,ar,,,,,,,,,,,,Misc,N/A,,,,,,,,,,,,,,,,,,,,,,,,,,,,,,,,,,
Concept,MSFOCP,MSFOCP,,MSFF239,MSFOCP-MSFF-AAAAAA000000000000000239,Bureij,FULLY_SPECIFIED,,Bureij,FULLY_SPECIFIED,fr,,,,,,البريج,FULLY_SPECIFIED,ar,,,,,,,,,,,,Misc,N/A,,,,,,,,,,,,,,,,,,,,,,,,,,,,,,,,,,
Concept,MSFOCP,MSFOCP,,MSFF240,MSFOCP-MSFF-AAAAAA000000000000000240,Zahra,FULLY_SPECIFIED,,Zahra,FULLY_SPECIFIED,fr,,,,,,الزهراء,FULLY_SPECIFIED,ar,,,,,,,,,,,,Misc,N/A,,,,,,,,,,,,,,,,,,,,,,,,,,,,,,,,,,
Concept,MSFOCP,MSFOCP,,MSFF241,MSFOCP-MSFF-AAAAAA000000000000000241,Zawayda,FULLY_SPECIFIED,,Zawayda,FULLY_SPECIFIED,fr,,,,,,الزوايدة,FULLY_SPECIFIED,ar,,,,,,,,,,,,Misc,N/A,,,,,,,,,,,,,,,,,,,,,,,,,,,,,,,,,,
Concept,MSFOCP,MSFOCP,,MSFF242,MSFOCP-MSFF-AAAAAA000000000000000242,Musaddar,FULLY_SPECIFIED,,Musaddar,FULLY_SPECIFIED,fr,,,,,,المصدر,FULLY_SPECIFIED,ar,,,,,,,,,,,,Misc,N/A,,,,,,,,,,,,,,,,,,,,,,,,,,,,,,,,,,
Concept,MSFOCP,MSFOCP,,MSFF243,MSFOCP-MSFF-AAAAAA000000000000000243,Maghazi,FULLY_SPECIFIED,,Maghazi,FULLY_SPECIFIED,fr,,,,,,المغازي,FULLY_SPECIFIED,ar,,,,,,,,,,,,Misc,N/A,,,,,,,,,,,,,,,,,,,,,,,,,,,,,,,,,,
Concept,MSFOCP,MSFOCP,,MSFF244,MSFOCP-MSFF-AAAAAA000000000000000244,Nuseirat,FULLY_SPECIFIED,,Nuseirat,FULLY_SPECIFIED,fr,,,,,,النصيرات,FULLY_SPECIFIED,ar,,,,,,,,,,,,Misc,N/A,,,,,,,,,,,,,,,,,,,,,,,,,,,,,,,,,,
Concept,MSFOCP,MSFOCP,,MSFF245,MSFOCP-MSFF-AAAAAA000000000000000245,Johreldek,FULLY_SPECIFIED,,Johreldek,FULLY_SPECIFIED,fr,,,,,,جحرالديك,FULLY_SPECIFIED,ar,,,,,,,,,,,,Misc,N/A,,,,,,,,,,,,,,,,,,,,,,,,,,,,,,,,,,
Concept,MSFOCP,MSFOCP,,MSFF246,MSFOCP-MSFF-AAAAAA000000000000000246,Deir al Balah,FULLY_SPECIFIED,,Deir al Balah,FULLY_SPECIFIED,fr,,,,,,دير البلح,FULLY_SPECIFIED,ar,,,,,,,,,,,,Misc,N/A,,,,,,,,,,,,,,,,,,,,,,,,,,,,,,,,,,
Concept,MSFOCP,MSFOCP,,MSFF247,MSFOCP-MSFF-AAAAAA000000000000000247,Deir al Balah Camp,FULLY_SPECIFIED,,Deir al Balah Camp,FULLY_SPECIFIED,fr,,,,,,معسكر دير البلح,FULLY_SPECIFIED,ar,,,,,,,,,,,,Misc,N/A,,,,,,,,,,,,,,,,,,,,,,,,,,,,,,,,,,
Concept,MSFOCP,MSFOCP,,MSFF248,MSFOCP-MSFF-AAAAAA000000000000000248,Qizan An Najjar,FULLY_SPECIFIED,,Qizan An Najjar,FULLY_SPECIFIED,fr,,,,,,قيزان النجار,FULLY_SPECIFIED,ar,,,,,,,,,,,,Misc,N/A,,,,,,,,,,,,,,,,,,,,,,,,,,,,,,,,,,
Concept,MSFOCP,MSFOCP,,MSFF249,MSFOCP-MSFF-AAAAAA000000000000000249,Manarah,FULLY_SPECIFIED,,Manarah,FULLY_SPECIFIED,fr,,,,,,حي المنارة,FULLY_SPECIFIED,ar,,,,,,,,,,,,Misc,N/A,,,,,,,,,,,,,,,,,,,,,,,,,,,,,,,,,,
Concept,MSFOCP,MSFOCP,,MSFF250,MSFOCP-MSFF-AAAAAA000000000000000250,European,FULLY_SPECIFIED,,European,FULLY_SPECIFIED,fr,,,,,,الاوروبي,FULLY_SPECIFIED,ar,,,,,,,,,,,,Misc,N/A,,,,,,,,,,,,,,,,,,,,,,,,,,,,,,,,,,
Concept,MSFOCP,MSFOCP,,MSFF251,MSFOCP-MSFF-AAAAAA000000000000000251,Qarara,FULLY_SPECIFIED,,Qarara,FULLY_SPECIFIED,fr,,,,,,القرارة,FULLY_SPECIFIED,ar,,,,,,,,,,,,Misc,N/A,,,,,,,,,,,,,,,,,,,,,,,,,,,,,,,,,,
Concept,MSFOCP,MSFOCP,,MSFF252,MSFOCP-MSFF-AAAAAA000000000000000252,Bani Suheila,FULLY_SPECIFIED,,Bani Suheila,FULLY_SPECIFIED,fr,,,,,,بني سهيلا,FULLY_SPECIFIED,ar,,,,,,,,,,,,Misc,N/A,,,,,,,,,,,,,,,,,,,,,,,,,,,,,,,,,,
Concept,MSFOCP,MSFOCP,,MSFF253,MSFOCP-MSFF-AAAAAA000000000000000253,Khuza'a,FULLY_SPECIFIED,,Khuza'a,FULLY_SPECIFIED,fr,,,,,,خزاعة,FULLY_SPECIFIED,ar,,,,,,,,,,,,Misc,N/A,,,,,,,,,,,,,,,,,,,,,,,,,,,,,,,,,,
Concept,MSFOCP,MSFOCP,,MSFF254,MSFOCP-MSFF-AAAAAA000000000000000254,Abasan al Kabira,FULLY_SPECIFIED,,Abasan al Kabira,FULLY_SPECIFIED,fr,,,,,,عبسان الكبيرة,FULLY_SPECIFIED,ar,,,,,,,,,,,,Misc,N/A,,,,,,,,,,,,,,,,,,,,,,,,,,,,,,,,,,
Concept,MSFOCP,MSFOCP,,MSFF255,MSFOCP-MSFF-AAAAAA000000000000000255,Abasan Saghira,FULLY_SPECIFIED,,Abasan Saghira,FULLY_SPECIFIED,fr,,,,,,عبسان الصغيرة,FULLY_SPECIFIED,ar,,,,,,,,,,,,Misc,N/A,,,,,,,,,,,,,,,,,,,,,,,,,,,,,,,,,,
Concept,MSFOCP,MSFOCP,,MSFF256,MSFOCP-MSFF-AAAAAA000000000000000256,Khan Younis Camp,FULLY_SPECIFIED,,Khan Younis Camp,FULLY_SPECIFIED,fr,,,,,,معسكر خانيونس,FULLY_SPECIFIED,ar,,,,,,,,,,,,Misc,N/A,,,,,,,,,,,,,,,,,,,,,,,,,,,,,,,,,,
Concept,MSFOCP,MSFOCP,,MSFF257,MSFOCP-MSFF-AAAAAA000000000000000257,Satar Gharbi,FULLY_SPECIFIED,,Satar Gharbi,FULLY_SPECIFIED,fr,,,,,,السطر الغربي,FULLY_SPECIFIED,ar,,,,,,,,,,,,Misc,N/A,,,,,,,,,,,,,,,,,,,,,,,,,,,,,,,,,,
Concept,MSFOCP,MSFOCP,,MSFF258,MSFOCP-MSFF-AAAAAA000000000000000258,Fukhkhari,FULLY_SPECIFIED,,Fukhkhari,FULLY_SPECIFIED,fr,,,,,,الفخاري,FULLY_SPECIFIED,ar,,,,,,,,,,,,Misc,N/A,,,,,,,,,,,,,,,,,,,,,,,,,,,,,,,,,,
Concept,MSFOCP,MSFOCP,,MSFF259,MSFOCP-MSFF-AAAAAA000000000000000259,Khan Younis City,FULLY_SPECIFIED,,Khan Younis City,FULLY_SPECIFIED,fr,,,,,,خانيونس البلد,FULLY_SPECIFIED,ar,,,,,,,,,,,,Misc,N/A,,,,,,,,,,,,,,,,,,,,,,,,,,,,,,,,,,
Concept,MSFOCP,MSFOCP,,MSFF260,MSFOCP-MSFF-AAAAAA000000000000000260,Ma'an,FULLY_SPECIFIED,,Ma'an,FULLY_SPECIFIED,fr,,,,,,معن,FULLY_SPECIFIED,ar,,,,,,,,,,,,Misc,N/A,,,,,,,,,,,,,,,,,,,,,,,,,,,,,,,,,,
Concept,MSFOCP,MSFOCP,,MSFF261,MSFOCP-MSFF-AAAAAA000000000000000261,Mawasi Khan Younis,FULLY_SPECIFIED,,Mawasi Khan Younis,FULLY_SPECIFIED,fr,,,,,,مواصي خانيونس,FULLY_SPECIFIED,ar,,,,,,,,,,,,Misc,N/A,,,,,,,,,,,,,,,,,,,,,,,,,,,,,,,,,,
Concept,MSFOCP,MSFOCP,,MSFF262,MSFOCP-MSFF-AAAAAA000000000000000262,Morag Khan Younis,FULLY_SPECIFIED,,Morag Khan Younis,FULLY_SPECIFIED,fr,,,,,,موراج خانيونس,FULLY_SPECIFIED,ar,,,,,,,,,,,,Misc,N/A,,,,,,,,,,,,,,,,,,,,,,,,,,,,,,,,,,
Concept,MSFOCP,MSFOCP,,MSFF263,MSFOCP-MSFF-AAAAAA000000000000000263,Zalata,FULLY_SPECIFIED,,Zalata,FULLY_SPECIFIED,fr,,,,,,زلاطة,FULLY_SPECIFIED,ar,,,,,,,,,,,,Misc,N/A,,,,,,,,,,,,,,,,,,,,,,,,,,,,,,,,,,
Concept,MSFOCP,MSFOCP,,MSFF264,MSFOCP-MSFF-AAAAAA000000000000000264,Safa,FULLY_SPECIFIED,,Safa,FULLY_SPECIFIED,fr,,,,,,صوفا,FULLY_SPECIFIED,ar,,,,,,,,,,,,Misc,N/A,,,,,,,,,,,,,,,,,,,,,,,,,,,,,,,,,,
Concept,MSFOCP,MSFOCP,,MSFF265,MSFOCP-MSFF-AAAAAA000000000000000265,Tal as Sultan,FULLY_SPECIFIED,,Tal as Sultan,FULLY_SPECIFIED,fr,,,,,,تل السلطان,FULLY_SPECIFIED,ar,,,,,,,,,,,,Misc,N/A,,,,,,,,,,,,,,,,,,,,,,,,,,,,,,,,,,
Concept,MSFOCP,MSFOCP,,MSFF266,MSFOCP-MSFF-AAAAAA000000000000000266,Rafah City,FULLY_SPECIFIED,,Rafah City,FULLY_SPECIFIED,fr,,,,,,رفح البلد,FULLY_SPECIFIED,ar,,,,,,,,,,,,Misc,N/A,,,,,,,,,,,,,,,,,,,,,,,,,,,,,,,,,,
Concept,MSFOCP,MSFOCP,,MSFF267,MSFOCP-MSFF-AAAAAA000000000000000267,Morag Rafah,FULLY_SPECIFIED,,Morag Rafah,FULLY_SPECIFIED,fr,,,,,,موراج رفح,FULLY_SPECIFIED,ar,,,,,,,,,,,,Misc,N/A,,,,,,,,,,,,,,,,,,,,,,,,,,,,,,,,,,
Concept,MSFOCP,MSFOCP,,MSFF268,MSFOCP-MSFF-AAAAAA000000000000000268,Brazil,FULLY_SPECIFIED,,Brazil,FULLY_SPECIFIED,fr,,,,,,البرازيل,FULLY_SPECIFIED,ar,,,,,,,,,,,,Misc,N/A,,,,,,,,,,,,,,,,,,,,,,,,,,,,,,,,,,
Concept,MSFOCP,MSFOCP,,MSFF269,MSFOCP-MSFF-AAAAAA000000000000000269,Jneineh,FULLY_SPECIFIED,,Jneineh,FULLY_SPECIFIED,fr,,,,,,الجنينة,FULLY_SPECIFIED,ar,,,,,,,,,,,,Misc,N/A,,,,,,,,,,,,,,,,,,,,,,,,,,,,,,,,,,
Concept,MSFOCP,MSFOCP,,MSFF270,MSFOCP-MSFF-AAAAAA000000000000000270,Shokah,FULLY_SPECIFIED,,Shokah,FULLY_SPECIFIED,fr,,,,,,الشوكة,FULLY_SPECIFIED,ar,,,,,,,,,,,,Misc,N/A,,,,,,,,,,,,,,,,,,,,,,,,,,,,,,,,,,
Concept,MSFOCP,MSFOCP,,MSFF271,MSFOCP-MSFF-AAAAAA000000000000000271,Assalam Neighborhood,FULLY_SPECIFIED,,Assalam Neighborhood,FULLY_SPECIFIED,fr,,,,,,حي السلام,FULLY_SPECIFIED,ar,,,,,,,,,,,,Misc,N/A,,,,,,,,,,,,,,,,,,,,,,,,,,,,,,,,,,
Concept,MSFOCP,MSFOCP,,MSFF272,MSFOCP-MSFF-AAAAAA000000000000000272,Khirbet 'Adas,FULLY_SPECIFIED,,Khirbet 'Adas,FULLY_SPECIFIED,fr,,,,,,خربة العدس,FULLY_SPECIFIED,ar,,,,,,,,,,,,Misc,N/A,,,,,,,,,,,,,,,,,,,,,,,,,,,,,,,,,,
Concept,MSFOCP,MSFOCP,,MSFF273,MSFOCP-MSFF-AAAAAA000000000000000273,Mawasi Rafah,FULLY_SPECIFIED,,Mawasi Rafah,FULLY_SPECIFIED,fr,,,,,,مواصي رفح,FULLY_SPECIFIED,ar,,,,,,,,,,,,Misc,N/A,,,,,,,,,,,,,,,,,,,,,,,,,,,,,,,,,,
Concept,MSFOCP,MSFOCP,,MSFF274,MSFOCP-MSFF-AAAAAA000000000000000274,Yebnah,FULLY_SPECIFIED,,Yebnah,FULLY_SPECIFIED,fr,,,,,,يبنى,FULLY_SPECIFIED,ar,,,,,,,,,,,,Misc,N/A,,,,,,,,,,,,,,,,,,,,,,,,,,,,,,,,,,
Concept,MSFOCP,MSFOCP,,MSFF275,MSFOCP-MSFF-AAAAAA000000000000000275,Shabbourah,FULLY_SPECIFIED,,Shabbourah,FULLY_SPECIFIED,fr,,,,,,الشابورة,FULLY_SPECIFIED,ar,,,,,,,,,,,,Misc,N/A,,,,,,,,,,,,,,,,,,,,,,,,,,,,,,,,,,
Concept,MSFOCP,MSFOCP,,MSFF276,MSFOCP-MSFF-AAAAAA000000000000000276,3 months,FULLY_SPECIFIED,,3 mois,FULLY_SPECIFIED,fr,,,,,,,,,,,,,,,,,,,,Misc,N/A,,,,,,,,,,,,,,,,,,,,,,,,,,,,,,,,,,
Concept,MSFOCP,MSFOCP,,MSFF277,MSFOCP-MSFF-AAAAAA000000000000000277,Najjar,FULLY_SPECIFIED,,Najjar,FULLY_SPECIFIED,fr,,,,,,,,,,,,,,,,,,,,Misc,N/A,,,,,,,,,,,,,,,,,,,,,,,,,,,,,,,,,,
Concept,MSFOCP,MSFOCP,,MSFF278,MSFOCP-MSFF-AAAAAA000000000000000278,Indonesian,FULLY_SPECIFIED,,indonésien,FULLY_SPECIFIED,fr,,,,,,,,,,,,,,,,,,,,Misc,N/A,,,,,,,,,,,,,,,,,,,,,,,,,,,,,,,,,,
Concept,MSFOCP,MSFOCP,,MSFF279,MSFOCP-MSFF-AAAAAA000000000000000279,Shiffa,FULLY_SPECIFIED,,Shifa,FULLY_SPECIFIED,fr,,,,,,,,,,,,,,,,,,,,Misc,N/A,,,,,,,,,,,,,,,,,,,,,,,,,,,,,,,,,,
Concept,MSFOCP,MSFOCP,,MSFF280,MSFOCP-MSFF-AAAAAA000000000000000280,Al Aqsa,FULLY_SPECIFIED,,Al-Aqsa,FULLY_SPECIFIED,fr,,,,,,,,,,,,,,,,,,,,Misc,N/A,,,,,,,,,,,,,,,,,,,,,,,,,,,,,,,,,,
Concept,MSFOCP,MSFOCP,,MSFF281,MSFOCP-MSFF-AAAAAA000000000000000281,MOH Clinic,FULLY_SPECIFIED,,Clinique du MdS,FULLY_SPECIFIED,fr,,,,,,,,,,,,,,,,,,,,Misc,N/A,,,,,,,,,,,,,,,,,,,,,,,,,,,,,,,,,,
Concept,MSFOCP,MSFOCP,,MSFF282,MSFOCP-MSFF-AAAAAA000000000000000282,Private facility type,FULLY_SPECIFIED,,Type d'établissement privé,FULLY_SPECIFIED,fr,,,,,,,,,,,,,,,,,,,,Question,Coded,,,,,,,,,,,,,,,,,,,,,,,,,,,,,,,,,,
Concept,MSFOCP,MSFOCP,,MSFF283,MSFOCP-MSFF-AAAAAA000000000000000283,Jabalia,FULLY_SPECIFIED,,Jabalia,FULLY_SPECIFIED,fr,,,,,,,,,,,,,,,,,,,,Misc,N/A,,,,,,,,,,,,,,,,,,,,,,,,,,,,,,,,,,
Concept,MSFOCP,MSFOCP,,MSFF284,MSFOCP-MSFF-AAAAAA000000000000000284,Gaza Medina,FULLY_SPECIFIED,,Médina de Gaza,FULLY_SPECIFIED,fr,,,,,,,,,,,,,,,,,,,,Misc,N/A,,,,,,,,,,,,,,,,,,,,,,,,,,,,,,,,,,
Concept,MSFOCP,MSFOCP,,MSFF285,MSFOCP-MSFF-AAAAAA000000000000000285,Rimal,FULLY_SPECIFIED,,Rimal,FULLY_SPECIFIED,fr,,,,,,,,,,,,,,,,,,,,Misc,N/A,,,,,,,,,,,,,,,,,,,,,,,,,,,,,,,,,,
Concept,MSFOCP,MSFOCP,,MSFF286,MSFOCP-MSFF-AAAAAA000000000000000286,Nusirat West,FULLY_SPECIFIED,,Nusirat Ouest,FULLY_SPECIFIED,fr,,,,,,,,,,,,,,,,,,,,Misc,N/A,,,,,,,,,,,,,,,,,,,,,,,,,,,,,,,,,,
Concept,MSFOCP,MSFOCP,,MSFF287,MSFOCP-MSFF-AAAAAA000000000000000287,Japanees,FULLY_SPECIFIED,,Japanees,FULLY_SPECIFIED,fr,,,,,,,,,,,,,,,,,,,,Misc,N/A,,,,,,,,,,,,,,,,,,,,,,,,,,,,,,,,,,
Concept,MSFOCP,MSFOCP,,MSFF288,MSFOCP-MSFF-AAAAAA000000000000000288,Um Nasser,FULLY_SPECIFIED,,Um Nasser,FULLY_SPECIFIED,fr,,,,,,,,,,,,,,,,,,,,Misc,N/A,,,,,,,,,,,,,,,,,,,,,,,,,,,,,,,,,,
Concept,MSFOCP,MSFOCP,,MSFF289,MSFOCP-MSFF-AAAAAA000000000000000289,Ahli Arabi,FULLY_SPECIFIED,,Ahli Arabi,FULLY_SPECIFIED,fr,,,,,,,,,,,,,,,,,,,,Misc,N/A,,,,,,,,,,,,,,,,,,,,,,,,,,,,,,,,,,
Concept,MSFOCP,MSFOCP,,MSFF290,MSFOCP-MSFF-AAAAAA000000000000000290,MAP-UK,FULLY_SPECIFIED,,MAP-UK,FULLY_SPECIFIED,fr,,,,,,,,,,,,,,,,,,,,Misc,N/A,,,,,,,,,,,,,,,,,,,,,,,,,,,,,,,,,,
Concept,MSFOCP,MSFOCP,,MSFF291,MSFOCP-MSFF-AAAAAA000000000000000291,Quds Hospital,FULLY_SPECIFIED,,Hôpital Quds,FULLY_SPECIFIED,fr,,,,,,,,,,,,,,,,,,,,Misc,N/A,,,,,,,,,,,,,,,,,,,,,,,,,,,,,,,,,,
Concept,MSFOCP,MSFOCP,,MSFF292,MSFOCP-MSFF-AAAAAA000000000000000292,ALPC,FULLY_SPECIFIED,,ALPC,FULLY_SPECIFIED,fr,,,,,,,,,,,,,,,,,,,,Misc,N/A,,,,,,,,,,,,,,,,,,,,,,,,,,,,,,,,,,
Concept,MSFOCP,MSFOCP,,MSFF293,MSFOCP-MSFF-AAAAAA000000000000000293,Simple wound,FULLY_SPECIFIED,,Plaie simple,FULLY_SPECIFIED,fr,,,,,,,,,,,,,,,,,,,,Finding,N/A,,,,,,,,,,,,,,,,,,,,,,,,,,,,,,,,,,
Concept,MSFOCP,MSFOCP,,MSFF294,MSFOCP-MSFF-AAAAAA000000000000000294,"Out of criteria, specify",FULLY_SPECIFIED,,"Hors critères, précisez",FULLY_SPECIFIED,fr,,,,,,,,,,,,,,,,,,,,Question,Coded,,,,,,,,,,,,,,,,,,,,,,,,,,,,,,,,,,
Concept,MSFOCP,MSFOCP,,MSFF295,MSFOCP-MSFF-AAAAAA000000000000000295,Date of Injury,FULLY_SPECIFIED,,Date de la blessure,FULLY_SPECIFIED,fr,,,,,,,,,,,,,,,,,,,,Question,Date,,,,,,,,,,,,,,,,,,,,,,,,,,,,,,,,,,
Concept,MSFOCP,MSFOCP,,MSFF296,MSFOCP-MSFF-AAAAAA000000000000000296,History of injury,FULLY_SPECIFIED,,Histoire de la blessure,FULLY_SPECIFIED,fr,,,,,,,,,,,,,,,,,,,,Question,Text,,,,,,,,,,,,,,,,,,,,,,,,,,,,,,,,,,
Concept,MSFOCP,MSFOCP,,MSFF297,MSFOCP-MSFF-AAAAAA000000000000000297,Cause of injury,FULLY_SPECIFIED,,Cause de la blessure,FULLY_SPECIFIED,fr,,,,,,,,,,,,,,,,,,,,Question,Coded,,,,,,,,,,,,,,,,,,,,,,,,,,,,,,,,,,
Concept,MSFOCP,MSFOCP,,MSFF298,MSFOCP-MSFF-AAAAAA000000000000000298,Burn unit Shifa,FULLY_SPECIFIED,,Unité brûlés Shifa,FULLY_SPECIFIED,fr,,,,,,,,,,,,,,,,,,,,Misc,N/A,,,,,,,,,,,,,,,,,,,,,,,,,,,,,,,,,,
Concept,MSFOCP,MSFOCP,,MSFF299,MSFOCP-MSFF-AAAAAA000000000000000299,Burn unit Naser,FULLY_SPECIFIED,,Unité brûlés Naser,FULLY_SPECIFIED,fr,,,,,,,,,,,,,,,,,,,,Misc,N/A,,,,,,,,,,,,,,,,,,,,,,,,,,,,,,,,,,
Concept,MSFOCP,MSFOCP,,MSFF300,MSFOCP-MSFF-AAAAAA000000000000000300,Neurological exam,FULLY_SPECIFIED,,Examen neurologique,FULLY_SPECIFIED,fr,,,,,,,,,,,,,,,,,,,,Question,Text,,,,,,,,,,,,,,,,,,,,,,,,,,,,,,,,,,
Concept,MSFOCP,MSFOCP,,MSFF301,MSFOCP-MSFF-AAAAAA000000000000000301,Treatment modality,FULLY_SPECIFIED,,Modalité de traitement,FULLY_SPECIFIED,fr,,,,,,,,,,,,,,,,,,,,Question,Coded,,,,,,,,,,,,,,,,,,,,,,,,,,,,,,,,,,
Concept,MSFOCP,MSFOCP,,MSFF302,MSFOCP-MSFF-AAAAAA000000000000000302,History of surgery,FULLY_SPECIFIED,,Antécédents de chirurgie,FULLY_SPECIFIED,fr,,,,,,,,,,,,,,,,,,,,Question,Coded,,,,,,,,,,,,,,,,,,,,,,,,,,,,,,,,,,
Concept,MSFOCP,MSFOCP,,MSFF303,MSFOCP-MSFF-AAAAAA000000000000000303,Cancer diagnosis disclosed to patient,FULLY_SPECIFIED,,Diagnostic de cancer divulgué au patient,FULLY_SPECIFIED,fr,,,,,,,,,,,,,,,,,,,,Question,Coded,,,,,,,,,,,,,,,,,,,,,,,,,,,,,,,,,,
Concept,MSFOCP,MSFOCP,,MSFF304,MSFOCP-MSFF-AAAAAA000000000000000304,Medical treatment received,FULLY_SPECIFIED,,Traitement médical reçu,FULLY_SPECIFIED,fr,,,,,,,,,,,,,,,,,,,,Question,Coded,,,,,,,,,,,,,,,,,,,,,,,,,,,,,,,,,,
Concept,MSFOCP,MSFOCP,,MSFF305,MSFOCP-MSFF-AAAAAA000000000000000305,Details of medical treatment received,FULLY_SPECIFIED,,Détails du traitement médical reçu,FULLY_SPECIFIED,fr,,,,,,,,,,,,,,,,,,,,Question,Text,,,,,,,,,,,,,,,,,,,,,,,,,,,,,,,,,,
Concept,MSFOCP,MSFOCP,,MSFF306,MSFOCP-MSFF-AAAAAA000000000000000306,Suspected malignancy,FULLY_SPECIFIED,,Malignité suspectée,FULLY_SPECIFIED,fr,,,,,,,,,,,,,,,,,,,,Misc,N/A,,,,,,,,,,,,,,,,,,,,,,,,,,,,,,,,,,
Concept,MSFOCP,MSFOCP,,MSFF307,MSFOCP-MSFF-AAAAAA000000000000000307,Confirmed malignancy,FULLY_SPECIFIED,,Malignité confirmée,FULLY_SPECIFIED,fr,,,,,,,,,,,,,,,,,,,,Misc,N/A,,,,,,,,,,,,,,,,,,,,,,,,,,,,,,,,,,
Concept,MSFOCP,MSFOCP,,MSFF308,MSFOCP-MSFF-AAAAAA000000000000000308,Benign tumor,FULLY_SPECIFIED,,Tumeur bénigne,FULLY_SPECIFIED,fr,,,,,,,,,,,,,,,,,,,,Misc,N/A,,,,,,,,,,,,,,,,,,,,,,,,,,,,,,,,,,
Concept,MSFOCP,MSFOCP,,MSFF309,MSFOCP-MSFF-AAAAAA000000000000000309,Currently taking medication,FULLY_SPECIFIED,,Prend actuellement des médicaments,FULLY_SPECIFIED,fr,,,,,,,,,,,,,,,,,,,,Question,Text,,,,,,,,,,,,,,,,,,,,,,,,,,,,,,,,,,
Concept,MSFOCP,MSFOCP,,MSFF310,MSFOCP-MSFF-AAAAAA000000000000000310,Dose and frequency,FULLY_SPECIFIED,,Dose et fréquence,FULLY_SPECIFIED,fr,,,,,,,,,,,,,,,,,,,,Question,Text,,,,,,,,,,,,,,,,,,,,,,,,,,,,,,,,,,
Concept,MSFOCP,MSFOCP,,MSFF311,MSFOCP-MSFF-AAAAAA000000000000000311,Type of drug,FULLY_SPECIFIED,,Type de médicaments,FULLY_SPECIFIED,fr,,,,,,,,,,,,,,,,,,,,Question,Text,,,,,,,,,,,,,,,,,,,,,,,,,,,,,,,,,,
Concept,MSFOCP,MSFOCP,,MSFF312,MSFOCP-MSFF-AAAAAA000000000000000312,Reaction to drug,FULLY_SPECIFIED,,Réaction au médicament,FULLY_SPECIFIED,fr,,,,,,,,,,,,,,,,,,,,Question,Text,,,,,,,,,,,,,,,,,,,,,,,,,,,,,,,,,,
Concept,MSFOCP,MSFOCP,,MSFF313,MSFOCP-MSFF-AAAAAA000000000000000313,Allergy details,FULLY_SPECIFIED,,Détails sur l'allergie ,FULLY_SPECIFIED,fr,,,,,,,,,,,,,,,,,,,,Question,Text,,,,,,,,,,,,,,,,,,,,,,,,,,,,,,,,,,
Concept,MSFOCP,MSFOCP,,MSFF314,MSFOCP-MSFF-AAAAAA000000000000000314,Additional patient history,FULLY_SPECIFIED,,Antécédents supplémentaires,FULLY_SPECIFIED,fr,,,,,,,,,,,,,,,,,,,,Question,Text,,,,,,,,,,,,,,,,,,,,,,,,,,,,,,,,,,
Concept,MSFOCP,MSFOCP,,MSFF315,MSFOCP-MSFF-AAAAAA000000000000000315,Genital region,FULLY_SPECIFIED,,Région génitale,FULLY_SPECIFIED,fr,,,,,,,,,,,,,,,,,,,,Anatomy,N/A,,,,,,,,,,,,,,,,,,,,,,,,,,,,,,,,,,
Concept,MSFOCP,MSFOCP,,MSFF316,MSFOCP-MSFF-AAAAAA000000000000000316,Joint,FULLY_SPECIFIED,,Articulation,FULLY_SPECIFIED,fr,,,,,,,,,,,,,,,,,,,,Anatomy,N/A,,,,,,,,,,,,,,,,,,,,,,,,,,,,,,,,,,
Concept,MSFOCP,MSFOCP,,MSFF317,MSFOCP-MSFF-AAAAAA000000000000000317,Joint description,FULLY_SPECIFIED,,Descriptif articulation,FULLY_SPECIFIED,fr,,,,,,,,,,,,,,,,,,,,Question,Text,,,,,,,,,,,,,,,,,,,,,,,,,,,,,,,,,,
Concept,MSFOCP,MSFOCP,,MSFF318,MSFOCP-MSFF-AAAAAA000000000000000318,Burn localisation,FULLY_SPECIFIED,,Localisation de la brûlure,FULLY_SPECIFIED,fr,,,,,,,,,,,,,,,,,,,,Question,Coded,,,,,,,,,,,,,,,,,,,,,,,,,,,,,,,,,,
Concept,MSFOCP,MSFOCP,,MSFF319,MSFOCP-MSFF-AAAAAA000000000000000319,Management Plan,FULLY_SPECIFIED,,Plan de prise en charge,FULLY_SPECIFIED,fr,,,,,,,,,,,,,,,,,,,,Question,Text,,,,,,,,,,,,,,,,,,,,,,,,,,,,,,,,,,
Concept,MSFOCP,MSFOCP,,MSFF320,MSFOCP-MSFF-AAAAAA000000000000000320,Appointment needed,FULLY_SPECIFIED,,Rendez-vous requis,FULLY_SPECIFIED,fr,,,,,,,,,,,,,,,,,,,,Question,Coded,,,,,,,,,,,,,,,,,,,,,,,,,,,,,,,,,,
Concept,MSFOCP,MSFOCP,,MSFF321,MSFOCP-MSFF-AAAAAA000000000000000321,Non urgent,FULLY_SPECIFIED,,Non urgent,FULLY_SPECIFIED,fr,,,,,,,,,,,,,,,,,,,,Diagnosis,N/A,,,,,,,,,,,,,,,,,,,,,,,,,,,,,,,,,,
Concept,MSFOCP,MSFOCP,,MSFF322,MSFOCP-MSFF-AAAAAA000000000000000322,Degree of burn,FULLY_SPECIFIED,,Degré de brûlure,FULLY_SPECIFIED,fr,,,,,,,,,,,,,,,,,,,,Question,Coded,,,,,,,,,,,,,,,,,,,,,,,,,,,,,,,,,,
Concept,MSFOCP,MSFOCP,,MSFF323,MSFOCP-MSFF-AAAAAA000000000000000323,Description of burn,FULLY_SPECIFIED,,Description de la brûlure,FULLY_SPECIFIED,fr,,,,,,,,,,,,,,,,,,,,Question,Text,,,,,,,,,,,,,,,,,,,,,,,,,,,,,,,,,,
Concept,MSFOCP,MSFOCP,,MSFF324,MSFOCP-MSFF-AAAAAA000000000000000324,Other site,FULLY_SPECIFIED,,Autre site,FULLY_SPECIFIED,fr,,,,,,,,,,,,,,,,,,,,Question,Text,,,,,,,,,,,,,,,,,,,,,,,,,,,,,,,,,,
Concept,MSFOCP,MSFOCP,,MSFF325,MSFOCP-MSFF-AAAAAA000000000000000325,Type of trauma,FULLY_SPECIFIED,,Type de traumatisme,FULLY_SPECIFIED,fr,,,,,,,,,,,,,,,,,,,,Question,Coded,,,,,,,,,,,,,,,,,,,,,,,,,,,,,,,,,,
Concept,MSFOCP,MSFOCP,,MSFF326,MSFOCP-MSFF-AAAAAA000000000000000326,Other trauma,FULLY_SPECIFIED,,Autre traumatisme,FULLY_SPECIFIED,fr,,,,,,,,,,,,,,,,,,,,Question,Text,,,,,,,,,,,,,,,,,,,,,,,,,,,,,,,,,,
Concept,MSFOCP,MSFOCP,,MSFF327,MSFOCP-MSFF-AAAAAA000000000000000327,Humerus,FULLY_SPECIFIED,,Humérus,FULLY_SPECIFIED,fr,,,,,,,,,,,,,,,,,,,,Anatomy,N/A,,,,,,,,,,,,,,,,,,,,,,,,,,,,,,,,,,
Concept,MSFOCP,MSFOCP,,MSFF328,MSFOCP-MSFF-AAAAAA000000000000000328,Radius,FULLY_SPECIFIED,,Radius,FULLY_SPECIFIED,fr,,,,,,,,,,,,,,,,,,,,Anatomy,N/A,,,,,,,,,,,,,,,,,,,,,,,,,,,,,,,,,,
Concept,MSFOCP,MSFOCP,,MSFF329,MSFOCP-MSFF-AAAAAA000000000000000329,Ulna,FULLY_SPECIFIED,,Cubitus,FULLY_SPECIFIED,fr,,,,,,,,,,,,,,,,,,,,Anatomy,N/A,,,,,,,,,,,,,,,,,,,,,,,,,,,,,,,,,,
Concept,MSFOCP,MSFOCP,,MSFF330,MSFOCP-MSFF-AAAAAA000000000000000330,Femur,FULLY_SPECIFIED,,Fémur,FULLY_SPECIFIED,fr,,,,,,,,,,,,,,,,,,,,Anatomy,N/A,,,,,,,,,,,,,,,,,,,,,,,,,,,,,,,,,,
Concept,MSFOCP,MSFOCP,,MSFF331,MSFOCP-MSFF-AAAAAA000000000000000331,Tibia,FULLY_SPECIFIED,,Tibia,FULLY_SPECIFIED,fr,,,,,,,,,,,,,,,,,,,,Anatomy,N/A,,,,,,,,,,,,,,,,,,,,,,,,,,,,,,,,,,
Concept,MSFOCP,MSFOCP,,MSFF332,MSFOCP-MSFF-AAAAAA000000000000000332,Fibula,FULLY_SPECIFIED,,Fibula,FULLY_SPECIFIED,fr,,,,,,,,,,,,,,,,,,,,Anatomy,N/A,,,,,,,,,,,,,,,,,,,,,,,,,,,,,,,,,,
Concept,MSFOCP,MSFOCP,,MSFF333,MSFOCP-MSFF-AAAAAA000000000000000333,Description of injury,FULLY_SPECIFIED,,Description de la blessure,FULLY_SPECIFIED,fr,,,,,,,,,,,,,,,,,,,,Question,Text,,,,,,,,,,,,,,,,,,,,,,,,,,,,,,,,,,
Concept,MSFOCP,MSFOCP,,MSFF334,MSFOCP-MSFF-AAAAAA000000000000000334,Internal fixation,FULLY_SPECIFIED,,Fixation interne,FULLY_SPECIFIED,fr,,,,,,,,,,,,,,,,,,,,Procedure,N/A,,,,,,,,,,,,,,,,,,,,,,,,,,,,,,,,,,
Concept,MSFOCP,MSFOCP,,MSFF335,MSFOCP-MSFF-AAAAAA000000000000000335,External fixation,FULLY_SPECIFIED,,Fixation externe,FULLY_SPECIFIED,fr,,,,,,,,,,,,,,,,,,,,Procedure,N/A,,,,,,,,,,,,,,,,,,,,,,,,,,,,,,,,,,
Concept,MSFOCP,MSFOCP,,MSFF336,MSFOCP-MSFF-AAAAAA000000000000000336,K-wire procedure,FULLY_SPECIFIED,,Procédure K-wire,FULLY_SPECIFIED,fr,,,,,,,,,,,,,,,,,,,,Procedure,N/A,,,,,,,,,,,,,,,,,,,,,,,,,,,,,,,,,,
Concept,MSFOCP,MSFOCP,,MSFF337,MSFOCP-MSFF-AAAAAA000000000000000337,Fracture management,FULLY_SPECIFIED,,Prise en charge de la fracture,FULLY_SPECIFIED,fr,,,,,,,,,,,,,,,,,,,,Question,Coded,,,,,,,,,,,,,,,,,,,,,,,,,,,,,,,,,,
Concept,MSFOCP,MSFOCP,,MSFF338,MSFOCP-MSFF-AAAAAA000000000000000338,Tendon injury,FULLY_SPECIFIED,,Blessure tendineuse,FULLY_SPECIFIED,fr,,,,,,,,,,,,,,,,,,,,Diagnosis,N/A,,,,,,,,,,,,,,,,,,,,,,,,,,,,,,,,,,
Concept,MSFOCP,MSFOCP,,MSFF339,MSFOCP-MSFF-AAAAAA000000000000000339,Suspicion of osteomyelitis,FULLY_SPECIFIED,,Suspicion d'ostéomyélite,FULLY_SPECIFIED,fr,,,,,,,,,,,,,,,,,,,,Misc,N/A,,,,,,,,,,,,,,,,,,,,,,,,,,,,,,,,,,
Concept,MSFOCP,MSFOCP,,MSFF340,MSFOCP-MSFF-AAAAAA000000000000000340,Associated injury,FULLY_SPECIFIED,,Blessure associée,FULLY_SPECIFIED,fr,,,,,,,,,,,,,,,,,,,,Question,Coded,,,,,,,,,,,,,,,,,,,,,,,,,,,,,,,,,,
Concept,MSFOCP,MSFOCP,,MSFF341,MSFOCP-MSFF-AAAAAA000000000000000341,Description of associated injury,FULLY_SPECIFIED,,Description de la blessure associée,FULLY_SPECIFIED,fr,,,,,,,,,,,,,,,,,,,,Question,Text,,,,,,,,,,,,,,,,,,,,,,,,,,,,,,,,,,
Concept,MSFOCP,MSFOCP,,MSFF342,MSFOCP-MSFF-AAAAAA000000000000000342,Radiology results available,FULLY_SPECIFIED,,Résultats de radiologie disponibles,FULLY_SPECIFIED,fr,,,,,,,,,,,,,,,,,,,,Question,Coded,,,,,,,,,,,,,,,,,,,,,,,,,,,,,,,,,,
Concept,MSFOCP,MSFOCP,,MSFF343,MSFOCP-MSFF-AAAAAA000000000000000343,Provisional diagnosis,FULLY_SPECIFIED,,Diagnostic provisoire,FULLY_SPECIFIED,fr,,,,,,,,,,,,,,,,,,,,Question,Text,,,,,,,,,,,,,,,,,,,,,,,,,,,,,,,,,,
Concept,MSFOCP,MSFOCP,,MSFF344,MSFOCP-MSFF-AAAAAA000000000000000344,Car,FULLY_SPECIFIED,,Voiture,FULLY_SPECIFIED,fr,,,,,,,,,,,,,,,,,,,,Misc,N/A,,,,,,,,,,,,,,,,,,,,,,,,,,,,,,,,,,
Concept,MSFOCP,MSFOCP,,MSFF345,MSFOCP-MSFF-AAAAAA000000000000000345,Transportation need,FULLY_SPECIFIED,,Besoin de transport,FULLY_SPECIFIED,fr,,,,,,,,,,,,,,,,,,,,Question,Coded,,,,,,,,,,,,,,,,,,,,,,,,,,,,,,,,,,
Concept,MSFOCP,MSFOCP,,MSFF346,MSFOCP-MSFF-AAAAAA000000000000000346,Physiotherapy,FULLY_SPECIFIED,,Physiothérapie,FULLY_SPECIFIED,fr,,,,,,,,,,,,,,,,,,,,Misc,N/A,,,,,,,,,,,,,,,,,,,,,,,,,,,,,,,,,,
Concept,MSFOCP,MSFOCP,,MSFF347,MSFOCP-MSFF-AAAAAA000000000000000347,Counselling,FULLY_SPECIFIED,,Conseils,FULLY_SPECIFIED,fr,,,,,,,,,,,,,,,,,,,,Misc,N/A,,,,,,,,,,,,,,,,,,,,,,,,,,,,,,,,,,
Concept,MSFOCP,MSFOCP,,MSFF348,MSFOCP-MSFF-AAAAAA000000000000000348,Physiotherapy frequency,FULLY_SPECIFIED,,Fréquence de physiothérapie,FULLY_SPECIFIED,fr,,,,,,,,,,,,,,,,,,,,Question,Text,,,,,,,,,,,,,,,,,,,,,,,,,,,,,,,,,,
Concept,MSFOCP,MSFOCP,,MSFF349,MSFOCP-MSFF-AAAAAA000000000000000349,Fracture site,FULLY_SPECIFIED,,Site de fracture,FULLY_SPECIFIED,fr,,,,,,,,,,,,,,,,,,,,Question,Coded,,,,,,,,,,,,,,,,,,,,,,,,,,,,,,,,,,
Concept,MSFOCP,MSFOCP,,MSFF350,MSFOCP-MSFF-AAAAAA000000000000000350,Orthopedic consultation,FULLY_SPECIFIED,,Consultation orthopédique,FULLY_SPECIFIED,fr,,,,,,,,,,,,,,,,,,,,Misc,N/A,,,,,,,,,,,,,,,,,,,,,,,,,,,,,,,,,,
Concept,MSFOCP,MSFOCP,,MSFF351,MSFOCP-MSFF-AAAAAA000000000000000351,Osteomyelitis consultation,FULLY_SPECIFIED,,Consultation ostéomyélite,FULLY_SPECIFIED,fr,,,,,,,,,,,,,,,,,,,,Misc,N/A,,,,,,,,,,,,,,,,,,,,,,,,,,,,,,,,,,
Concept,MSFOCP,MSFOCP,,MSFF352,MSFOCP-MSFF-AAAAAA000000000000000352,Pain management consultation,FULLY_SPECIFIED,,Consultation en gestion de la douleur,FULLY_SPECIFIED,fr,,,,,,,,,,,,,,,,,,,,Misc,N/A,,,,,,,,,,,,,,,,,,,,,,,,,,,,,,,,,,
Concept,MSFOCP,MSFOCP,,MSFF353,MSFOCP-MSFF-AAAAAA000000000000000353,Plastic consultation,FULLY_SPECIFIED,,Consultation plastique,FULLY_SPECIFIED,fr,,,,,,,,,,,,,,,,,,,,Misc,N/A,,,,,,,,,,,,,,,,,,,,,,,,,,,,,,,,,,
Concept,MSFOCP,MSFOCP,,MSFF354,MSFOCP-MSFF-AAAAAA000000000000000354,Specialised consultation,FULLY_SPECIFIED,,Consultation spécialisée,FULLY_SPECIFIED,fr,,,,,,,,,,,,,,,,,,,,Question,Coded,,,,,,,,,,,,,,,,,,,,,,,,,,,,,,,,,,
Concept,MSFOCP,MSFOCP,,MSFF355,MSFOCP-MSFF-AAAAAA000000000000000355,Patient sent to IPD,FULLY_SPECIFIED,,Patient envoyé à l'IPD,FULLY_SPECIFIED,fr,,,,,,,,,,,,,,,,,,,,Question,Coded,,,,,,,,,,,,,,,,,,,,,,,,,,,,,,,,,,
Concept,MSFOCP,MSFOCP,,MSFF356,MSFOCP-MSFF-AAAAAA000000000000000356,Plastic consultation timing,FULLY_SPECIFIED,,RDV de consultation plastique,FULLY_SPECIFIED,fr,,,,,,,,,,,,,,,,,,,,Question,Coded,,,,,,,,,,,,,,,,,,,,,,,,,,,,,,,,,,
Concept,MSFOCP,MSFOCP,,MSFF357,MSFOCP-MSFF-AAAAAA000000000000000357,Heart valve abormality,FULLY_SPECIFIED,,Abormalité valvulaire cardiaque,FULLY_SPECIFIED,fr,,,,,,,,,,,,,,,,,,,,Diagnosis,N/A,,,,,,,,,,,,i39,ICD-10-WHO,SAME-AS,,,,,,,,,,,,,,,,,,,,
Concept,MSFOCP,MSFOCP,,MSFF358,MSFOCP-MSFF-AAAAAA000000000000000358,Wound dressing frequency,FULLY_SPECIFIED,,Fréquence des pansements,FULLY_SPECIFIED,fr,,,,,,,,,,,,,,,,,,,,Question,Text,,,,,,,,,,,,,,,,,,,,,,,,,,,,,,,,,,
Concept,MSFOCP,MSFOCP,,MSFF359,MSFOCP-MSFF-AAAAAA000000000000000359,Counselling frequency,FULLY_SPECIFIED,,Fréquence des conseils,FULLY_SPECIFIED,fr,,,,,,,,,,,,,,,,,,,,Question,Text,,,,,,,,,,,,,,,,,,,,,,,,,,,,,,,,,,
Concept,MSFOCP,MSFOCP,,MSFF360,MSFOCP-MSFF-AAAAAA000000000000000360,Orthopaedic consultation timing,FULLY_SPECIFIED,,Horaires des consultations orthopédiques,FULLY_SPECIFIED,fr,,,,,,,,,,,,,,,,,,,,Question,Text,,,,,,,,,,,,,,,,,,,,,,,,,,,,,,,,,,
Concept,MSFOCP,MSFOCP,,MSFF361,MSFOCP-MSFF-AAAAAA000000000000000361,Osteomyelitis consultation timing,FULLY_SPECIFIED,,RDV de consultation d'ostéomyélite,FULLY_SPECIFIED,fr,,,,,,,,,,,,,,,,,,,,Question,Text,,,,,,,,,,,,,,,,,,,,,,,,,,,,,,,,,,
Concept,MSFOCP,MSFOCP,,MSFF362,MSFOCP-MSFF-AAAAAA000000000000000362,Pain management consultation timing,FULLY_SPECIFIED,,RDV de consultation pour la gestion de la douleur,FULLY_SPECIFIED,fr,,,,,,,,,,,,,,,,,,,,Question,Text,,,,,,,,,,,,,,,,,,,,,,,,,,,,,,,,,,
Concept,MSFOCP,MSFOCP,,MSFF363,MSFOCP-MSFF-AAAAAA000000000000000363,Laboratory tests,FULLY_SPECIFIED,,Tests de laboratoire,FULLY_SPECIFIED,fr,,,,,,,,,,,,,,,,,,,,Misc,N/A,,,,,,,,,,,,,,,,,,,,,,,,,,,,,,,,,,
Concept,MSFOCP,MSFOCP,,MSFF364,MSFOCP-MSFF-AAAAAA000000000000000364,Patient support,FULLY_SPECIFIED,,Support au patient,FULLY_SPECIFIED,fr,,,,,,,,,,,,,,,,,,,,Misc,N/A,,,,,,,,,,,,,,,,,,,,,,,,,,,,,,,,,,
Concept,MSFOCP,MSFOCP,,MSFF365,MSFOCP-MSFF-AAAAAA000000000000000365,"Patient support, Other",FULLY_SPECIFIED,,"Support au patient, autre",FULLY_SPECIFIED,fr,,,,,,,,,,,,,,,,,,,,Question,Text,,,,,,,,,,,,,,,,,,,,,,,,,,,,,,,,,,
Concept,MSFOCP,MSFOCP,,MSFF366,MSFOCP-MSFF-AAAAAA000000000000000366,Patient support appointment type,FULLY_SPECIFIED,,Type de rendez-vous de support au patient,FULLY_SPECIFIED,fr,,,,,,,,,,,,,,,,,,,,Question ,Coded,,,,,,,,,,,,,,,,,,,,,,,,,,,,,,,,,,
Concept,MSFOCP,MSFOCP,,MSFF367,MSFOCP-MSFF-AAAAAA000000000000000367,Pre-treatment consultation,FULLY_SPECIFIED,,Consultation pré-traitement,FULLY_SPECIFIED,fr,,,,,,,,,,,,,,,,,,,,Misc,N/A,,,,,,,,,,,,,,,,,,,,,,,,,,,,,,,,,,
Concept,MSFOCP,MSFOCP,,MSFF368,MSFOCP-MSFF-AAAAAA000000000000000368,Rectal examination comment,FULLY_SPECIFIED,,Commentaire sur le toucher rectal,FULLY_SPECIFIED,fr,,,,,,,,,,,,,,,,,,,,Question,Text,,,,,,,,,,,,,,,,,,,,,,,,,,,,,,,,,,
Concept,MSFOCP,MSFOCP,,MSFF369,MSFOCP-MSFF-AAAAAA000000000000000369,Gynecological consultation,FULLY_SPECIFIED,,Consultation gynécologique,FULLY_SPECIFIED,fr,,,,,,,,,,,,,,,,,,,,Misc,N/A,,,,,,,,,,,,,,,,,,,,,,,,,,,,,,,,,,
Concept,MSFOCP,MSFOCP,,MSFF370,MSFOCP-MSFF-AAAAAA000000000000000370,Multi disciplinary team meeting,FULLY_SPECIFIED,,Reunion de concertation pluridisciplinaire,FULLY_SPECIFIED,fr,,,,,,,,,,,,,,MDT,SHORT,en,RCP,SHORT,fr,Misc,N/A,,,,,,,,,,,,,,,,,,,,,,,,,,,,,,,,,,
Concept,MSFOCP,MSFOCP,,MSFF371,MSFOCP-MSFF-AAAAAA000000000000000371,6 months,FULLY_SPECIFIED,,6 mois,FULLY_SPECIFIED,fr,,,,,,,,,,,,,,,,,,,,Misc,N/A,,,,,,,,,,,,,,,,,,,,,,,,,,,,,,,,,,
Concept,MSFOCP,MSFOCP,,MSFF372,MSFOCP-MSFF-AAAAAA000000000000000372,1 year,FULLY_SPECIFIED,,1 an,FULLY_SPECIFIED,fr,,,,,,,,,,,,,,,,,,,,Misc,N/A,,,,,,,,,,,,,,,,,,,,,,,,,,,,,,,,,,
Concept,MSFOCP,MSFOCP,,MSFF373,MSFOCP-MSFF-AAAAAA000000000000000373,2 years,FULLY_SPECIFIED,,2 ans,FULLY_SPECIFIED,fr,,,,,,,,,,,,,,,,,,,,Misc,N/A,,,,,,,,,,,,,,,,,,,,,,,,,,,,,,,,,,
Concept,MSFOCP,MSFOCP,,MSFF374,MSFOCP-MSFF-AAAAAA000000000000000374,3 years,FULLY_SPECIFIED,,3 ans,FULLY_SPECIFIED,fr,,,,,,,,,,,,,,,,,,,,Misc,N/A,,,,,,,,,,,,,,,,,,,,,,,,,,,,,,,,,,
Concept,MSFOCP,MSFOCP,,MSFF375,MSFOCP-MSFF-AAAAAA000000000000000375,Time,FULLY_SPECIFIED,,Temps,FULLY_SPECIFIED,fr,,,,,,,,,,,,,,,,,,,,Question,Time,,,,,,,,,,,,,,,,,,,,,,,,,,,,,,,,,,
Concept,MSFOCP,MSFOCP,,MSFF376,MSFOCP-MSFF-AAAAAA000000000000000376,Post Neoadjuvant Chemotherapy (NAC),FULLY_SPECIFIED,,Post chimiothérapie néoadjuvante,FULLY_SPECIFIED,fr,,,,,,,,,,,,,,,,,,,,Misc,N/A,,,,,,,,,,,,,,,,,,,,,,,,,,,,,,,,,,
Concept,MSFOCP,MSFOCP,,MSFF377,MSFOCP-MSFF-AAAAAA000000000000000377,Treatment phase,FULLY_SPECIFIED,,Phase de traitement,FULLY_SPECIFIED,fr,,,,,,,,,,,,,,,,,,,,Question,Coded,,,,,,,,,,,,,,,,,,,,,,,,,,,,,,,,,,
Concept,MSFOCP,MSFOCP,,MSFF378,MSFOCP-MSFF-AAAAAA000000000000000378,Conization indication,FULLY_SPECIFIED,,Indication de conisation,FULLY_SPECIFIED,fr,,,,,,,,,,,,,,,,,,,,Question,Text,,,,,,,,,,,,,,,,,,,,,,,,,,,,,,,,,,
Concept,MSFOCP,MSFOCP,,MSFF379,MSFOCP-MSFF-AAAAAA000000000000000379,Insertion of tampon into vagina,FULLY_SPECIFIED,,Insertion d'un tampon intravaginal,FULLY_SPECIFIED,fr,,,,,,,,,,,,,,,,,,,,Procedure,N/A,,,,,,,,,,,,,,,,,,,,,,,,,,,,,,,,,,
Concept,MSFOCP,MSFOCP,,MSFF380,MSFOCP-MSFF-AAAAAA000000000000000380,Time of tampon removal,FULLY_SPECIFIED,,Timing de retrait du tampon,FULLY_SPECIFIED,fr,,,,,,,,,,,,,,,,,,,,Question,Time,,,,,,,,,,,,,,,,,,,,,,,,,,,,,,,,,,
Concept,MSFOCP,MSFOCP,,MSFF381,MSFOCP-MSFF-AAAAAA000000000000000381,Origin of pain,FULLY_SPECIFIED,,Origine de la douleur,FULLY_SPECIFIED,fr,,,,,,,,,,,,,,,,,,,,Question,Text,,,,,,,,,,,,,,,,,,,,,,,,,,,,,,,,,,
Concept,MSFOCP,MSFOCP,,MSFF382,MSFOCP-MSFF-AAAAAA000000000000000382,Background pain,FULLY_SPECIFIED,,Douleur de fond,FULLY_SPECIFIED,fr,,,,,,,,,,,,,,,,,,,,Diagnosis,N/A,,,,,,,,,,,,,,,,,,,,,,,,,,,,,,,,,,
Concept,MSFOCP,MSFOCP,,MSFF383,MSFOCP-MSFF-AAAAAA000000000000000383,Background and breakthrough pain,FULLY_SPECIFIED,,Douleur de fond et accès de douleur,FULLY_SPECIFIED,fr,,,,,,,,,,,,,,,,,,,,Diagnosis,N/A,,,,,,,,,,,,,,,,,,,,,,,,,,,,,,,,,,
Concept,MSFOCP,MSFOCP,,MSFF384,MSFOCP-MSFF-AAAAAA000000000000000384,Pain type,FULLY_SPECIFIED,,Type de douleur,FULLY_SPECIFIED,fr,,,,,,,,,,,,,,,,,,,,Question,Coded,,,,,,,,,,,,,,,,,,,,,,,,,,,,,,,,,,
Concept,MSFOCP,MSFOCP,,MSFF385,MSFOCP-MSFF-AAAAAA000000000000000385,24 hour pattern,FULLY_SPECIFIED,,Profile des 24 heures,FULLY_SPECIFIED,fr,,,,,,,,,,,,,,,,,,,,Question,Coded,,,,,,,,,,,,,,,,,,,,,,,,,,,,,,,,,,
Concept,MSFOCP,MSFOCP,,MSFF386,MSFOCP-MSFF-AAAAAA000000000000000386,Characteristics of pain,FULLY_SPECIFIED,,Caractéristiques de la douleur,FULLY_SPECIFIED,fr,,,,,,,,,,,,,,,,,,,,Question,Coded,,,,,,,,,,,,,,,,,,,,,,,,,,,,,,,,,,
Concept,MSFOCP,MSFOCP,,MSFF387,MSFOCP-MSFF-AAAAAA000000000000000387,Aggravating Factors,FULLY_SPECIFIED,,Facteurs aggravants,FULLY_SPECIFIED,fr,,,,,,,,,,,,,,,,,,,,Question,Text,,,,,,,,,,,,,,,,,,,,,,,,,,,,,,,,,,
Concept,MSFOCP,MSFOCP,,MSFF388,MSFOCP-MSFF-AAAAAA000000000000000388,Alleviating Factors,FULLY_SPECIFIED,,Facteurs atténuant,FULLY_SPECIFIED,fr,,,,,,,,,,,,,,,,,,,,Question,Text,,,,,,,,,,,,,,,,,,,,,,,,,,,,,,,,,,
Concept,MSFOCP,MSFOCP,,MSFF389,MSFOCP-MSFF-AAAAAA000000000000000389,Physical and social functioning comment,FULLY_SPECIFIED,,Commentaire sur le fonctionnement physique et social,FULLY_SPECIFIED,fr,,,,,,,,,,,,,,,,,,,,Question,Text,,,,,,,,,,,,,,,,,,,,,,,,,,,,,,,,,,
Concept,MSFOCP,MSFOCP,,MSFF390,MSFOCP-MSFF-AAAAAA000000000000000390,Sleep disorder comment,FULLY_SPECIFIED,,Commentaire sur les troubles du sommeil,FULLY_SPECIFIED,fr,,,,,,,,,,,,,,,,,,,,Question,Text,,,,,,,,,,,,,,,,,,,,,,,,,,,,,,,,,,
Concept,MSFOCP,MSFOCP,,MSFF391,MSFOCP-MSFF-AAAAAA000000000000000391,Mood disorder comment,FULLY_SPECIFIED,,Commentaire sur les troubles de l'humeur,FULLY_SPECIFIED,fr,,,,,,,,,,,,,,,,,,,,Question,Text,,,,,,,,,,,,,,,,,,,,,,,,,,,,,,,,,,
Concept,MSFOCP,MSFOCP,,MSFF392,MSFOCP-MSFF-AAAAAA000000000000000392,Further assessment,FULLY_SPECIFIED,,Évaluation supplementaire,FULLY_SPECIFIED,fr,,,,,,,,,,,,,,,,,,,,Question,Coded,,,,,,,,,,,,,,,,,,,,,,,,,,,,,,,,,,
Concept,MSFOCP,MSFOCP,,MSFF393,MSFOCP-MSFF-AAAAAA000000000000000393,Mc Gill pain questionnaire,FULLY_SPECIFIED,,Questionnaire sur la douleur de Mc Gill,FULLY_SPECIFIED,fr,,,,,,,,,,,,,,,,,,,,Misc,N/A,,,,,,,,,,,,,,,,,,,,,,,,,,,,,,,,,,
Concept,MSFOCP,MSFOCP,,MSFF394,MSFOCP-MSFF-AAAAAA000000000000000394,Provoking factors,FULLY_SPECIFIED,,Facteurs provoquants,FULLY_SPECIFIED,fr,,,,,,,,,,,,,,,,,,,,Question,Text,,,,,,,,,,,,,,,,,,,,,,,,,,,,,,,,,,
Concept,MSFOCP,MSFOCP,,MSFF395,MSFOCP-MSFF-AAAAAA000000000000000395,Radiating pain site,FULLY_SPECIFIED,,Site douloureux irradies,FULLY_SPECIFIED,fr,,,,,,,,,,,,,,,,,,,,Question,Text,,,,,,,,,,,,,,,,,,,,,,,,,,,,,,,,,,
Concept,MSFOCP,MSFOCP,,MSFF396,MSFOCP-MSFF-AAAAAA000000000000000396,Impact of chronic pain,FULLY_SPECIFIED,,Impact de la douleur chronique,FULLY_SPECIFIED,fr,,,,,,,,,,,,,,,,,,,,Question,Coded,,,,,,,,,,,,,,,,,,,,,,,,,,,,,,,,,,
Mapping,MSFOCP,MSFOCP,,,,,,,,,,,,,,,,,,,,,,,,,,,,,,,,,,,,,,,,,,MSFOCP-MSFF-MAP-AAAAAA00000000000001,Internal,SAME-AS,/orgs/MSFOCP/sources/MSFOCP-TEST/concepts/MSFF-TEST-357/,/orgs/WHO/sources/ICD-10-WHO/concepts/I39/,,,,,,,,,,,,,,,,,,
Mapping,MSFOCP,MSFOCP,,,,,,,,,,,,,,,,,,,,,,,,,,,,,,,,,,,,,,,,,,MSFOCP-MSFF-MAP-AAAAAA00000000000002,Internal,Q-AND-A,/orgs/MSFOCP/sources/MSFOCP-TEST/concepts/MSFF-TEST-304/,/orgs/CIEL/sources/CIEL/concepts/1065/,,,,,,,,,,,,,,,,,,
Mapping,MSFOCP,MSFOCP,,,,,,,,,,,,,,,,,,,,,,,,,,,,,,,,,,,,,,,,,,MSFOCP-MSFF-MAP-AAAAAA00000000000003,Internal,Q-AND-A,/orgs/MSFOCP/sources/MSFOCP-TEST/concepts/MSFF-TEST-304/,/orgs/CIEL/sources/CIEL/concepts/1066/,,,,,,,,,,,,,,,,,,